2025-03-13 14:23:20,735 [Worker-0: Loading available Gradle versions] INFO  o.e.b.c.i.u.g.PublishedGradleVersions - Gradle version information cache is up-to-date. Trying to read.
2025-03-13 14:28:19,525 [Worker-8: Loading available Gradle versions] INFO  o.e.b.c.i.u.g.PublishedGradleVersions - Gradle version information cache is up-to-date. Trying to read.
2025-03-13 14:42:08,476 [Worker-7: Creating project "first-app"] INFO  o.e.m.c.i.e.AbstractTransferListenerAdapter - Downloading https://repo.maven.apache.org/maven2/org/apache/maven/plugins/maven-clean-plugin/3.2.0/maven-clean-plugin-3.2.0.jar
2025-03-13 14:42:08,515 [Worker-7: Creating project "first-app"] INFO  o.e.m.c.i.e.AbstractTransferListenerAdapter - Downloaded https://repo.maven.apache.org/maven2/org/apache/maven/plugins/maven-clean-plugin/3.2.0/maven-clean-plugin-3.2.0.jar
2025-03-13 14:42:08,553 [Worker-7: Creating project "first-app"] INFO  o.e.m.c.i.e.AbstractTransferListenerAdapter - Downloading https://repo.maven.apache.org/maven2/org/apache/maven/plugins/maven-surefire-plugin/3.2.5/maven-surefire-plugin-3.2.5.jar
2025-03-13 14:42:08,565 [Worker-7: Creating project "first-app"] INFO  o.e.m.c.i.e.AbstractTransferListenerAdapter - Downloaded https://repo.maven.apache.org/maven2/org/apache/maven/plugins/maven-surefire-plugin/3.2.5/maven-surefire-plugin-3.2.5.jar
2025-03-13 14:42:08,586 [Worker-7: Creating project "first-app"] INFO  o.e.m.c.i.e.AbstractTransferListenerAdapter - Downloading https://repo.maven.apache.org/maven2/org/apache/maven/plugins/maven-jar-plugin/3.4.1/maven-jar-plugin-3.4.1.jar
2025-03-13 14:42:08,599 [Worker-7: Creating project "first-app"] INFO  o.e.m.c.i.e.AbstractTransferListenerAdapter - Downloaded https://repo.maven.apache.org/maven2/org/apache/maven/plugins/maven-jar-plugin/3.4.1/maven-jar-plugin-3.4.1.jar
2025-03-13 14:42:08,621 [Worker-7: Creating project "first-app"] INFO  o.e.m.c.i.e.AbstractTransferListenerAdapter - Downloading https://repo.maven.apache.org/maven2/org/apache/maven/plugins/maven-install-plugin/3.1.1/maven-install-plugin-3.1.1.jar
2025-03-13 14:42:08,630 [Worker-7: Creating project "first-app"] INFO  o.e.m.c.i.e.AbstractTransferListenerAdapter - Downloaded https://repo.maven.apache.org/maven2/org/apache/maven/plugins/maven-install-plugin/3.1.1/maven-install-plugin-3.1.1.jar
2025-03-13 14:42:08,647 [Worker-7: Creating project "first-app"] INFO  o.e.m.c.i.e.AbstractTransferListenerAdapter - Downloading https://repo.maven.apache.org/maven2/org/apache/maven/plugins/maven-deploy-plugin/3.1.1/maven-deploy-plugin-3.1.1.jar
2025-03-13 14:42:08,657 [Worker-7: Creating project "first-app"] INFO  o.e.m.c.i.e.AbstractTransferListenerAdapter - Downloaded https://repo.maven.apache.org/maven2/org/apache/maven/plugins/maven-deploy-plugin/3.1.1/maven-deploy-plugin-3.1.1.jar
2025-03-13 14:42:08,677 [Worker-7: Creating project "first-app"] INFO  o.e.m.c.i.e.AbstractTransferListenerAdapter - Downloading https://repo.maven.apache.org/maven2/org/apache/maven/plugins/maven-site-plugin/3.12.1/maven-site-plugin-3.12.1.jar
2025-03-13 14:42:08,701 [Worker-7: Creating project "first-app"] INFO  o.e.m.c.i.e.AbstractTransferListenerAdapter - Downloaded https://repo.maven.apache.org/maven2/org/apache/maven/plugins/maven-site-plugin/3.12.1/maven-site-plugin-3.12.1.jar
2025-03-13 14:42:08,858 [Worker-7: Creating project "first-app"] INFO  o.e.m.c.i.e.AbstractTransferListenerAdapter - Downloading https://repo.maven.apache.org/maven2/org/apache/maven/shared/maven-shared-utils/3.4.2/maven-shared-utils-3.4.2.pom
2025-03-13 14:42:08,864 [Worker-7: Creating project "first-app"] INFO  o.e.m.c.i.e.AbstractTransferListenerAdapter - Downloaded https://repo.maven.apache.org/maven2/org/apache/maven/shared/maven-shared-utils/3.4.2/maven-shared-utils-3.4.2.pom
2025-03-13 14:42:08,963 [Worker-7: Creating project "first-app"] INFO  o.e.m.c.i.e.AbstractTransferListenerAdapter - Downloading https://repo.maven.apache.org/maven2/org/apache/maven/shared/maven-shared-incremental/1.1/maven-shared-incremental-1.1.pom
2025-03-13 14:42:08,970 [Worker-7: Creating project "first-app"] INFO  o.e.m.c.i.e.AbstractTransferListenerAdapter - Downloaded https://repo.maven.apache.org/maven2/org/apache/maven/shared/maven-shared-incremental/1.1/maven-shared-incremental-1.1.pom
2025-03-13 14:42:08,988 [Worker-7: Creating project "first-app"] INFO  o.e.m.c.i.e.AbstractTransferListenerAdapter - Downloading https://repo.maven.apache.org/maven2/org/apache/maven/shared/maven-shared-components/19/maven-shared-components-19.pom
2025-03-13 14:42:08,993 [Worker-7: Creating project "first-app"] INFO  o.e.m.c.i.e.AbstractTransferListenerAdapter - Downloaded https://repo.maven.apache.org/maven2/org/apache/maven/shared/maven-shared-components/19/maven-shared-components-19.pom
2025-03-13 14:42:09,011 [Worker-7: Creating project "first-app"] INFO  o.e.m.c.i.e.AbstractTransferListenerAdapter - Downloading https://repo.maven.apache.org/maven2/org/apache/maven/maven-parent/23/maven-parent-23.pom
2025-03-13 14:42:09,021 [Worker-7: Creating project "first-app"] INFO  o.e.m.c.i.e.AbstractTransferListenerAdapter - Downloaded https://repo.maven.apache.org/maven2/org/apache/maven/maven-parent/23/maven-parent-23.pom
2025-03-13 14:42:09,049 [Worker-7: Creating project "first-app"] INFO  o.e.m.c.i.e.AbstractTransferListenerAdapter - Downloading https://repo.maven.apache.org/maven2/org/apache/apache/13/apache-13.pom
2025-03-13 14:42:09,054 [Worker-7: Creating project "first-app"] INFO  o.e.m.c.i.e.AbstractTransferListenerAdapter - Downloaded https://repo.maven.apache.org/maven2/org/apache/apache/13/apache-13.pom
2025-03-13 14:42:09,104 [Worker-7: Creating project "first-app"] INFO  o.e.m.c.i.e.AbstractTransferListenerAdapter - Downloading https://repo.maven.apache.org/maven2/org/codehaus/plexus/plexus-java/1.2.0/plexus-java-1.2.0.pom
2025-03-13 14:42:09,116 [Worker-7: Creating project "first-app"] INFO  o.e.m.c.i.e.AbstractTransferListenerAdapter - Downloaded https://repo.maven.apache.org/maven2/org/codehaus/plexus/plexus-java/1.2.0/plexus-java-1.2.0.pom
2025-03-13 14:42:09,153 [Worker-7: Creating project "first-app"] INFO  o.e.m.c.i.e.AbstractTransferListenerAdapter - Downloading https://repo.maven.apache.org/maven2/org/codehaus/plexus/plexus-languages/1.2.0/plexus-languages-1.2.0.pom
2025-03-13 14:42:09,161 [Worker-7: Creating project "first-app"] INFO  o.e.m.c.i.e.AbstractTransferListenerAdapter - Downloaded https://repo.maven.apache.org/maven2/org/codehaus/plexus/plexus-languages/1.2.0/plexus-languages-1.2.0.pom
2025-03-13 14:42:09,178 [Worker-7: Creating project "first-app"] INFO  o.e.m.c.i.e.AbstractTransferListenerAdapter - Downloading https://repo.maven.apache.org/maven2/org/codehaus/plexus/plexus/15/plexus-15.pom
2025-03-13 14:42:09,188 [Worker-7: Creating project "first-app"] INFO  o.e.m.c.i.e.AbstractTransferListenerAdapter - Downloaded https://repo.maven.apache.org/maven2/org/codehaus/plexus/plexus/15/plexus-15.pom
2025-03-13 14:42:09,246 [Worker-7: Creating project "first-app"] INFO  o.e.m.c.i.e.AbstractTransferListenerAdapter - Downloading https://repo.maven.apache.org/maven2/com/thoughtworks/qdox/qdox/2.0.3/qdox-2.0.3.pom
2025-03-13 14:42:09,254 [Worker-7: Creating project "first-app"] INFO  o.e.m.c.i.e.AbstractTransferListenerAdapter - Downloaded https://repo.maven.apache.org/maven2/com/thoughtworks/qdox/qdox/2.0.3/qdox-2.0.3.pom
2025-03-13 14:42:09,344 [Worker-7: Creating project "first-app"] INFO  o.e.m.c.i.e.AbstractTransferListenerAdapter - Downloading https://repo.maven.apache.org/maven2/org/codehaus/plexus/plexus-compiler-api/2.15.0/plexus-compiler-api-2.15.0.pom
2025-03-13 14:42:09,349 [Worker-7: Creating project "first-app"] INFO  o.e.m.c.i.e.AbstractTransferListenerAdapter - Downloaded https://repo.maven.apache.org/maven2/org/codehaus/plexus/plexus-compiler-api/2.15.0/plexus-compiler-api-2.15.0.pom
2025-03-13 14:42:09,390 [Worker-7: Creating project "first-app"] INFO  o.e.m.c.i.e.AbstractTransferListenerAdapter - Downloading https://repo.maven.apache.org/maven2/org/codehaus/plexus/plexus-compiler/2.15.0/plexus-compiler-2.15.0.pom
2025-03-13 14:42:09,416 [Worker-7: Creating project "first-app"] INFO  o.e.m.c.i.e.AbstractTransferListenerAdapter - Downloaded https://repo.maven.apache.org/maven2/org/codehaus/plexus/plexus-compiler/2.15.0/plexus-compiler-2.15.0.pom
2025-03-13 14:42:09,447 [Worker-7: Creating project "first-app"] INFO  o.e.m.c.i.e.AbstractTransferListenerAdapter - Downloading https://repo.maven.apache.org/maven2/org/codehaus/plexus/plexus-utils/4.0.0/plexus-utils-4.0.0.pom
2025-03-13 14:42:09,452 [Worker-7: Creating project "first-app"] INFO  o.e.m.c.i.e.AbstractTransferListenerAdapter - Downloaded https://repo.maven.apache.org/maven2/org/codehaus/plexus/plexus-utils/4.0.0/plexus-utils-4.0.0.pom
2025-03-13 14:42:09,473 [Worker-7: Creating project "first-app"] INFO  o.e.m.c.i.e.AbstractTransferListenerAdapter - Downloading https://repo.maven.apache.org/maven2/org/codehaus/plexus/plexus/13/plexus-13.pom
2025-03-13 14:42:09,482 [Worker-7: Creating project "first-app"] INFO  o.e.m.c.i.e.AbstractTransferListenerAdapter - Downloaded https://repo.maven.apache.org/maven2/org/codehaus/plexus/plexus/13/plexus-13.pom
2025-03-13 14:42:09,517 [Worker-7: Creating project "first-app"] INFO  o.e.m.c.i.e.AbstractTransferListenerAdapter - Downloading https://repo.maven.apache.org/maven2/org/junit/junit-bom/5.9.3/junit-bom-5.9.3.pom
2025-03-13 14:42:09,524 [Worker-7: Creating project "first-app"] INFO  o.e.m.c.i.e.AbstractTransferListenerAdapter - Downloaded https://repo.maven.apache.org/maven2/org/junit/junit-bom/5.9.3/junit-bom-5.9.3.pom
2025-03-13 14:42:09,549 [Worker-7: Creating project "first-app"] INFO  o.e.m.c.i.e.AbstractTransferListenerAdapter - Downloading https://repo.maven.apache.org/maven2/org/codehaus/plexus/plexus-compiler-manager/2.15.0/plexus-compiler-manager-2.15.0.pom
2025-03-13 14:42:09,558 [Worker-7: Creating project "first-app"] INFO  o.e.m.c.i.e.AbstractTransferListenerAdapter - Downloaded https://repo.maven.apache.org/maven2/org/codehaus/plexus/plexus-compiler-manager/2.15.0/plexus-compiler-manager-2.15.0.pom
2025-03-13 14:42:09,578 [Worker-7: Creating project "first-app"] INFO  o.e.m.c.i.e.AbstractTransferListenerAdapter - Downloading https://repo.maven.apache.org/maven2/org/codehaus/plexus/plexus-xml/3.0.0/plexus-xml-3.0.0.pom
2025-03-13 14:42:09,584 [Worker-7: Creating project "first-app"] INFO  o.e.m.c.i.e.AbstractTransferListenerAdapter - Downloaded https://repo.maven.apache.org/maven2/org/codehaus/plexus/plexus-xml/3.0.0/plexus-xml-3.0.0.pom
2025-03-13 14:42:09,601 [Worker-7: Creating project "first-app"] INFO  o.e.m.c.i.e.AbstractTransferListenerAdapter - Downloading https://repo.maven.apache.org/maven2/org/codehaus/plexus/plexus-compiler-javac/2.15.0/plexus-compiler-javac-2.15.0.pom
2025-03-13 14:42:09,607 [Worker-7: Creating project "first-app"] INFO  o.e.m.c.i.e.AbstractTransferListenerAdapter - Downloaded https://repo.maven.apache.org/maven2/org/codehaus/plexus/plexus-compiler-javac/2.15.0/plexus-compiler-javac-2.15.0.pom
2025-03-13 14:42:09,625 [Worker-7: Creating project "first-app"] INFO  o.e.m.c.i.e.AbstractTransferListenerAdapter - Downloading https://repo.maven.apache.org/maven2/org/codehaus/plexus/plexus-compilers/2.15.0/plexus-compilers-2.15.0.pom
2025-03-13 14:42:09,633 [Worker-7: Creating project "first-app"] INFO  o.e.m.c.i.e.AbstractTransferListenerAdapter - Downloaded https://repo.maven.apache.org/maven2/org/codehaus/plexus/plexus-compilers/2.15.0/plexus-compilers-2.15.0.pom
2025-03-13 14:42:09,695 [Worker-7: Creating project "first-app"] INFO  o.e.m.c.i.e.AbstractTransferListenerAdapter - Downloading https://repo.maven.apache.org/maven2/org/apache/maven/shared/maven-shared-utils/3.4.2/maven-shared-utils-3.4.2.jar
2025-03-13 14:42:09,723 [Worker-7: Creating project "first-app"] INFO  o.e.m.c.i.e.AbstractTransferListenerAdapter - Downloaded https://repo.maven.apache.org/maven2/org/apache/maven/shared/maven-shared-utils/3.4.2/maven-shared-utils-3.4.2.jar
2025-03-13 14:42:09,755 [BasicRepositoryConnector-repo.maven.apache.org-0-1] INFO  o.e.m.c.i.e.AbstractTransferListenerAdapter - Downloading https://repo.maven.apache.org/maven2/org/codehaus/plexus/plexus-java/1.2.0/plexus-java-1.2.0.jar
2025-03-13 14:42:09,777 [BasicRepositoryConnector-repo.maven.apache.org-0-1] INFO  o.e.m.c.i.e.AbstractTransferListenerAdapter - Downloaded https://repo.maven.apache.org/maven2/org/codehaus/plexus/plexus-java/1.2.0/plexus-java-1.2.0.jar
2025-03-13 14:42:09,789 [BasicRepositoryConnector-repo.maven.apache.org-0-1] INFO  o.e.m.c.i.e.AbstractTransferListenerAdapter - Downloading https://repo.maven.apache.org/maven2/org/codehaus/plexus/plexus-xml/3.0.0/plexus-xml-3.0.0.jar
2025-03-13 14:42:09,794 [BasicRepositoryConnector-repo.maven.apache.org-0-2] INFO  o.e.m.c.i.e.AbstractTransferListenerAdapter - Downloading https://repo.maven.apache.org/maven2/com/thoughtworks/qdox/qdox/2.0.3/qdox-2.0.3.jar
2025-03-13 14:42:09,811 [BasicRepositoryConnector-repo.maven.apache.org-0-1] INFO  o.e.m.c.i.e.AbstractTransferListenerAdapter - Downloaded https://repo.maven.apache.org/maven2/org/codehaus/plexus/plexus-xml/3.0.0/plexus-xml-3.0.0.jar
2025-03-13 14:42:09,822 [BasicRepositoryConnector-repo.maven.apache.org-0-3] INFO  o.e.m.c.i.e.AbstractTransferListenerAdapter - Downloading https://repo.maven.apache.org/maven2/org/codehaus/plexus/plexus-compiler-api/2.15.0/plexus-compiler-api-2.15.0.jar
2025-03-13 14:42:09,829 [BasicRepositoryConnector-repo.maven.apache.org-0-4] INFO  o.e.m.c.i.e.AbstractTransferListenerAdapter - Downloading https://repo.maven.apache.org/maven2/org/codehaus/plexus/plexus-compiler-manager/2.15.0/plexus-compiler-manager-2.15.0.jar
2025-03-13 14:42:09,834 [BasicRepositoryConnector-repo.maven.apache.org-0-0] INFO  o.e.m.c.i.e.AbstractTransferListenerAdapter - Downloading https://repo.maven.apache.org/maven2/org/apache/maven/shared/maven-shared-incremental/1.1/maven-shared-incremental-1.1.jar
2025-03-13 14:42:09,842 [BasicRepositoryConnector-repo.maven.apache.org-0-4] INFO  o.e.m.c.i.e.AbstractTransferListenerAdapter - Downloaded https://repo.maven.apache.org/maven2/org/codehaus/plexus/plexus-compiler-manager/2.15.0/plexus-compiler-manager-2.15.0.jar
2025-03-13 14:42:09,863 [BasicRepositoryConnector-repo.maven.apache.org-0-0] INFO  o.e.m.c.i.e.AbstractTransferListenerAdapter - Downloaded https://repo.maven.apache.org/maven2/org/apache/maven/shared/maven-shared-incremental/1.1/maven-shared-incremental-1.1.jar
2025-03-13 14:42:09,865 [BasicRepositoryConnector-repo.maven.apache.org-0-3] INFO  o.e.m.c.i.e.AbstractTransferListenerAdapter - Downloaded https://repo.maven.apache.org/maven2/org/codehaus/plexus/plexus-compiler-api/2.15.0/plexus-compiler-api-2.15.0.jar
2025-03-13 14:42:09,868 [BasicRepositoryConnector-repo.maven.apache.org-0-1] INFO  o.e.m.c.i.e.AbstractTransferListenerAdapter - Downloading https://repo.maven.apache.org/maven2/org/codehaus/plexus/plexus-compiler-javac/2.15.0/plexus-compiler-javac-2.15.0.jar
2025-03-13 14:42:09,877 [BasicRepositoryConnector-repo.maven.apache.org-0-1] INFO  o.e.m.c.i.e.AbstractTransferListenerAdapter - Downloaded https://repo.maven.apache.org/maven2/org/codehaus/plexus/plexus-compiler-javac/2.15.0/plexus-compiler-javac-2.15.0.jar
2025-03-13 14:42:09,878 [BasicRepositoryConnector-repo.maven.apache.org-0-4] INFO  o.e.m.c.i.e.AbstractTransferListenerAdapter - Downloading https://repo.maven.apache.org/maven2/org/codehaus/plexus/plexus-utils/4.0.0/plexus-utils-4.0.0.jar
2025-03-13 14:42:09,925 [BasicRepositoryConnector-repo.maven.apache.org-0-2] INFO  o.e.m.c.i.e.AbstractTransferListenerAdapter - Downloaded https://repo.maven.apache.org/maven2/com/thoughtworks/qdox/qdox/2.0.3/qdox-2.0.3.jar
2025-03-13 14:42:09,933 [BasicRepositoryConnector-repo.maven.apache.org-0-4] INFO  o.e.m.c.i.e.AbstractTransferListenerAdapter - Downloaded https://repo.maven.apache.org/maven2/org/codehaus/plexus/plexus-utils/4.0.0/plexus-utils-4.0.0.jar
2025-03-13 14:42:11,366 [Worker-7: Creating project "first-app"] INFO  o.e.m.c.i.l.LifecycleMappingFactory - Using org.eclipse.m2e.jdt.JarLifecycleMapping lifecycle mapping for MavenProject: com.fzktech:first-app:0.0.1-SNAPSHOT @ D:\workspacesreenutechnologies\class\first-app\pom.xml.
2025-03-13 14:42:11,648 [Worker-7: Creating project "first-app"] INFO  o.e.m.c.i.e.AbstractTransferListenerAdapter - Downloading https://repo.maven.apache.org/maven2/org/apache/maven/plugins/maven-surefire-plugin/3.2.5/maven-surefire-plugin-3.2.5.pom
2025-03-13 14:42:11,653 [Worker-7: Creating project "first-app"] INFO  o.e.m.c.i.e.AbstractTransferListenerAdapter - Downloaded https://repo.maven.apache.org/maven2/org/apache/maven/plugins/maven-surefire-plugin/3.2.5/maven-surefire-plugin-3.2.5.pom
2025-03-13 14:42:11,667 [Worker-7: Creating project "first-app"] INFO  o.e.m.c.i.e.AbstractTransferListenerAdapter - Downloading https://repo.maven.apache.org/maven2/org/apache/maven/surefire/surefire/3.2.5/surefire-3.2.5.pom
2025-03-13 14:42:11,672 [Worker-7: Creating project "first-app"] INFO  o.e.m.c.i.e.AbstractTransferListenerAdapter - Downloaded https://repo.maven.apache.org/maven2/org/apache/maven/surefire/surefire/3.2.5/surefire-3.2.5.pom
2025-03-13 14:42:11,708 [Worker-7: Creating project "first-app"] INFO  o.e.m.c.i.e.AbstractTransferListenerAdapter - Downloading https://repo.maven.apache.org/maven2/org/apache/maven/plugins/maven-jar-plugin/3.4.1/maven-jar-plugin-3.4.1.pom
2025-03-13 14:42:11,714 [Worker-7: Creating project "first-app"] INFO  o.e.m.c.i.e.AbstractTransferListenerAdapter - Downloaded https://repo.maven.apache.org/maven2/org/apache/maven/plugins/maven-jar-plugin/3.4.1/maven-jar-plugin-3.4.1.pom
2025-03-13 14:42:12,606 [Worker-7: Creating project "first-app"] INFO  o.e.m.j.i.AbstractJavaProjectConfigurator - Adding source folder /first-app/src/main/java
2025-03-13 14:42:12,613 [Worker-7: Creating project "first-app"] INFO  o.e.m.j.i.AbstractJavaProjectConfigurator - Adding resource folder /first-app/src/main/resources
2025-03-13 14:42:12,614 [Worker-7: Creating project "first-app"] INFO  o.e.m.j.i.AbstractJavaProjectConfigurator - Adding source folder /first-app/src/test/java
2025-03-13 14:42:12,616 [Worker-7: Creating project "first-app"] INFO  o.e.m.j.i.AbstractJavaProjectConfigurator - Adding resource folder /first-app/src/test/resources
2025-03-13 14:42:14,977 [Worker-22: Building] WARN  o.a.m.s.f.DefaultMavenResourcesFiltering - Using platform encoding (UTF-8 actually) to copy filtered resources, i.e. build is platform dependent!
2025-03-13 14:42:14,985 [Worker-22: Building] INFO  o.a.m.s.f.DefaultMavenResourcesFiltering - Copying 0 resource from src\main\resources to target\classes
2025-03-13 14:42:14,993 [Worker-22: Building] WARN  o.a.m.s.f.DefaultMavenResourcesFiltering - Using platform encoding (UTF-8 actually) to copy filtered resources, i.e. build is platform dependent!
2025-03-13 14:42:14,996 [Worker-22: Building] INFO  o.a.m.s.f.DefaultMavenResourcesFiltering - Copying 0 resource from src\test\resources to target\test-classes
2025-03-13 15:01:05,616 [Worker-27: Building] WARN  o.a.m.s.f.DefaultMavenResourcesFiltering - Using platform encoding (UTF-8 actually) to copy filtered resources, i.e. build is platform dependent!
2025-03-13 15:01:05,656 [Worker-27: Building] INFO  o.a.m.s.f.DefaultMavenResourcesFiltering - Copying 0 resource from src\main\resources to target\classes
2025-03-13 15:01:05,686 [Worker-27: Building] WARN  o.a.m.s.f.DefaultMavenResourcesFiltering - Using platform encoding (UTF-8 actually) to copy filtered resources, i.e. build is platform dependent!
2025-03-13 15:01:05,693 [Worker-27: Building] INFO  o.a.m.s.f.DefaultMavenResourcesFiltering - Copying 0 resource from src\test\resources to target\test-classes
2025-03-13 15:01:14,196 [Worker-31: Building] WARN  o.a.m.s.f.DefaultMavenResourcesFiltering - Using platform encoding (UTF-8 actually) to copy filtered resources, i.e. build is platform dependent!
2025-03-13 15:01:14,199 [Worker-31: Building] INFO  o.a.m.s.f.DefaultMavenResourcesFiltering - Copying 0 resource from src\main\resources to target\classes
2025-03-13 15:01:14,238 [Worker-31: Building] WARN  o.a.m.s.f.DefaultMavenResourcesFiltering - Using platform encoding (UTF-8 actually) to copy filtered resources, i.e. build is platform dependent!
2025-03-13 15:01:14,246 [Worker-31: Building] INFO  o.a.m.s.f.DefaultMavenResourcesFiltering - Copying 0 resource from src\test\resources to target\test-classes
2025-03-13 15:02:01,702 [Worker-29: Launching A] WARN  o.a.m.s.f.DefaultMavenResourcesFiltering - Using platform encoding (UTF-8 actually) to copy filtered resources, i.e. build is platform dependent!
2025-03-13 15:02:01,704 [Worker-29: Launching A] INFO  o.a.m.s.f.DefaultMavenResourcesFiltering - Copying 0 resource from src\main\resources to target\classes
2025-03-13 15:02:01,721 [Worker-29: Launching A] WARN  o.a.m.s.f.DefaultMavenResourcesFiltering - Using platform encoding (UTF-8 actually) to copy filtered resources, i.e. build is platform dependent!
2025-03-13 15:02:01,722 [Worker-29: Launching A] INFO  o.a.m.s.f.DefaultMavenResourcesFiltering - Copying 0 resource from src\test\resources to target\test-classes
2025-03-13 15:02:25,744 [Worker-31: Launching Executing install in D__workspacesreenutechnologies_class_first-app] INFO  o.eclipse.m2e.core.internal.Bundles - getClasspathEntries(Bundle=org.eclipse.m2e.maven.runtime_3.9.700.20240602-2313 [359])
2025-03-13 15:02:25,778 [Worker-31: Launching Executing install in D__workspacesreenutechnologies_class_first-app] INFO  o.eclipse.m2e.core.internal.Bundles - 	Entry: D:\software\sts\sts-4.24.0.RELEASE\plugins\org.eclipse.m2e.maven.runtime_3.9.700.20240602-2313
2025-03-13 15:02:25,779 [Worker-31: Launching Executing install in D__workspacesreenutechnologies_class_first-app] INFO  o.eclipse.m2e.core.internal.Bundles - 	Entry: D:\software\sts\sts-4.24.0.RELEASE\plugins\org.eclipse.m2e.maven.runtime_3.9.700.20240602-2313\jars\aopalliance-1.0.jar
2025-03-13 15:02:25,780 [Worker-31: Launching Executing install in D__workspacesreenutechnologies_class_first-app] INFO  o.eclipse.m2e.core.internal.Bundles - 	Entry: D:\software\sts\sts-4.24.0.RELEASE\plugins\org.eclipse.m2e.maven.runtime_3.9.700.20240602-2313\jars\guice-5.1.0.jar
2025-03-13 15:02:25,780 [Worker-31: Launching Executing install in D__workspacesreenutechnologies_class_first-app] INFO  o.eclipse.m2e.core.internal.Bundles - 	Entry: D:\software\sts\sts-4.24.0.RELEASE\plugins\org.eclipse.m2e.maven.runtime_3.9.700.20240602-2313\jars\httpclient-4.5.14.jar
2025-03-13 15:02:25,780 [Worker-31: Launching Executing install in D__workspacesreenutechnologies_class_first-app] INFO  o.eclipse.m2e.core.internal.Bundles - 	Entry: D:\software\sts\sts-4.24.0.RELEASE\plugins\org.eclipse.m2e.maven.runtime_3.9.700.20240602-2313\jars\httpcore-4.4.16.jar
2025-03-13 15:02:25,780 [Worker-31: Launching Executing install in D__workspacesreenutechnologies_class_first-app] INFO  o.eclipse.m2e.core.internal.Bundles - 	Entry: D:\software\sts\sts-4.24.0.RELEASE\plugins\org.eclipse.m2e.maven.runtime_3.9.700.20240602-2313\jars\jansi-2.4.1.jar
2025-03-13 15:02:25,780 [Worker-31: Launching Executing install in D__workspacesreenutechnologies_class_first-app] INFO  o.eclipse.m2e.core.internal.Bundles - 	Entry: D:\software\sts\sts-4.24.0.RELEASE\plugins\org.eclipse.m2e.maven.runtime_3.9.700.20240602-2313\jars\jcl-over-slf4j-1.7.36.jar
2025-03-13 15:02:25,781 [Worker-31: Launching Executing install in D__workspacesreenutechnologies_class_first-app] INFO  o.eclipse.m2e.core.internal.Bundles - 	Entry: D:\software\sts\sts-4.24.0.RELEASE\plugins\org.eclipse.m2e.maven.runtime_3.9.700.20240602-2313\jars\maven-artifact-3.9.7.jar
2025-03-13 15:02:25,781 [Worker-31: Launching Executing install in D__workspacesreenutechnologies_class_first-app] INFO  o.eclipse.m2e.core.internal.Bundles - 	Entry: D:\software\sts\sts-4.24.0.RELEASE\plugins\org.eclipse.m2e.maven.runtime_3.9.700.20240602-2313\jars\maven-builder-support-3.9.7.jar
2025-03-13 15:02:25,781 [Worker-31: Launching Executing install in D__workspacesreenutechnologies_class_first-app] INFO  o.eclipse.m2e.core.internal.Bundles - 	Entry: D:\software\sts\sts-4.24.0.RELEASE\plugins\org.eclipse.m2e.maven.runtime_3.9.700.20240602-2313\jars\maven-compat-3.9.7.jar
2025-03-13 15:02:25,782 [Worker-31: Launching Executing install in D__workspacesreenutechnologies_class_first-app] INFO  o.eclipse.m2e.core.internal.Bundles - 	Entry: D:\software\sts\sts-4.24.0.RELEASE\plugins\org.eclipse.m2e.maven.runtime_3.9.700.20240602-2313\jars\maven-core-3.9.7.jar
2025-03-13 15:02:25,782 [Worker-31: Launching Executing install in D__workspacesreenutechnologies_class_first-app] INFO  o.eclipse.m2e.core.internal.Bundles - 	Entry: D:\software\sts\sts-4.24.0.RELEASE\plugins\org.eclipse.m2e.maven.runtime_3.9.700.20240602-2313\jars\maven-embedder-3.9.7.jar
2025-03-13 15:02:25,783 [Worker-31: Launching Executing install in D__workspacesreenutechnologies_class_first-app] INFO  o.eclipse.m2e.core.internal.Bundles - 	Entry: D:\software\sts\sts-4.24.0.RELEASE\plugins\org.eclipse.m2e.maven.runtime_3.9.700.20240602-2313\jars\maven-model-3.9.7.jar
2025-03-13 15:02:25,783 [Worker-31: Launching Executing install in D__workspacesreenutechnologies_class_first-app] INFO  o.eclipse.m2e.core.internal.Bundles - 	Entry: D:\software\sts\sts-4.24.0.RELEASE\plugins\org.eclipse.m2e.maven.runtime_3.9.700.20240602-2313\jars\maven-model-builder-3.9.7.jar
2025-03-13 15:02:25,783 [Worker-31: Launching Executing install in D__workspacesreenutechnologies_class_first-app] INFO  o.eclipse.m2e.core.internal.Bundles - 	Entry: D:\software\sts\sts-4.24.0.RELEASE\plugins\org.eclipse.m2e.maven.runtime_3.9.700.20240602-2313\jars\maven-plugin-api-3.9.7.jar
2025-03-13 15:02:25,783 [Worker-31: Launching Executing install in D__workspacesreenutechnologies_class_first-app] INFO  o.eclipse.m2e.core.internal.Bundles - 	Entry: D:\software\sts\sts-4.24.0.RELEASE\plugins\org.eclipse.m2e.maven.runtime_3.9.700.20240602-2313\jars\maven-repository-metadata-3.9.7.jar
2025-03-13 15:02:25,783 [Worker-31: Launching Executing install in D__workspacesreenutechnologies_class_first-app] INFO  o.eclipse.m2e.core.internal.Bundles - 	Entry: D:\software\sts\sts-4.24.0.RELEASE\plugins\org.eclipse.m2e.maven.runtime_3.9.700.20240602-2313\jars\maven-resolver-api-1.9.20.jar
2025-03-13 15:02:25,783 [Worker-31: Launching Executing install in D__workspacesreenutechnologies_class_first-app] INFO  o.eclipse.m2e.core.internal.Bundles - 	Entry: D:\software\sts\sts-4.24.0.RELEASE\plugins\org.eclipse.m2e.maven.runtime_3.9.700.20240602-2313\jars\maven-resolver-connector-basic-1.9.20.jar
2025-03-13 15:02:25,784 [Worker-31: Launching Executing install in D__workspacesreenutechnologies_class_first-app] INFO  o.eclipse.m2e.core.internal.Bundles - 	Entry: D:\software\sts\sts-4.24.0.RELEASE\plugins\org.eclipse.m2e.maven.runtime_3.9.700.20240602-2313\jars\maven-resolver-impl-1.9.20.jar
2025-03-13 15:02:25,786 [Worker-31: Launching Executing install in D__workspacesreenutechnologies_class_first-app] INFO  o.eclipse.m2e.core.internal.Bundles - 	Entry: D:\software\sts\sts-4.24.0.RELEASE\plugins\org.eclipse.m2e.maven.runtime_3.9.700.20240602-2313\jars\maven-resolver-named-locks-1.9.20.jar
2025-03-13 15:02:25,786 [Worker-31: Launching Executing install in D__workspacesreenutechnologies_class_first-app] INFO  o.eclipse.m2e.core.internal.Bundles - 	Entry: D:\software\sts\sts-4.24.0.RELEASE\plugins\org.eclipse.m2e.maven.runtime_3.9.700.20240602-2313\jars\maven-resolver-provider-3.9.7.jar
2025-03-13 15:02:25,787 [Worker-31: Launching Executing install in D__workspacesreenutechnologies_class_first-app] INFO  o.eclipse.m2e.core.internal.Bundles - 	Entry: D:\software\sts\sts-4.24.0.RELEASE\plugins\org.eclipse.m2e.maven.runtime_3.9.700.20240602-2313\jars\maven-resolver-spi-1.9.20.jar
2025-03-13 15:02:25,787 [Worker-31: Launching Executing install in D__workspacesreenutechnologies_class_first-app] INFO  o.eclipse.m2e.core.internal.Bundles - 	Entry: D:\software\sts\sts-4.24.0.RELEASE\plugins\org.eclipse.m2e.maven.runtime_3.9.700.20240602-2313\jars\maven-resolver-transport-file-1.9.20.jar
2025-03-13 15:02:25,788 [Worker-31: Launching Executing install in D__workspacesreenutechnologies_class_first-app] INFO  o.eclipse.m2e.core.internal.Bundles - 	Entry: D:\software\sts\sts-4.24.0.RELEASE\plugins\org.eclipse.m2e.maven.runtime_3.9.700.20240602-2313\jars\maven-resolver-transport-http-1.9.20.jar
2025-03-13 15:02:25,788 [Worker-31: Launching Executing install in D__workspacesreenutechnologies_class_first-app] INFO  o.eclipse.m2e.core.internal.Bundles - 	Entry: D:\software\sts\sts-4.24.0.RELEASE\plugins\org.eclipse.m2e.maven.runtime_3.9.700.20240602-2313\jars\maven-resolver-transport-wagon-1.9.20.jar
2025-03-13 15:02:25,789 [Worker-31: Launching Executing install in D__workspacesreenutechnologies_class_first-app] INFO  o.eclipse.m2e.core.internal.Bundles - 	Entry: D:\software\sts\sts-4.24.0.RELEASE\plugins\org.eclipse.m2e.maven.runtime_3.9.700.20240602-2313\jars\maven-resolver-util-1.9.20.jar
2025-03-13 15:02:25,789 [Worker-31: Launching Executing install in D__workspacesreenutechnologies_class_first-app] INFO  o.eclipse.m2e.core.internal.Bundles - 	Entry: D:\software\sts\sts-4.24.0.RELEASE\plugins\org.eclipse.m2e.maven.runtime_3.9.700.20240602-2313\jars\maven-settings-3.9.7.jar
2025-03-13 15:02:25,789 [Worker-31: Launching Executing install in D__workspacesreenutechnologies_class_first-app] INFO  o.eclipse.m2e.core.internal.Bundles - 	Entry: D:\software\sts\sts-4.24.0.RELEASE\plugins\org.eclipse.m2e.maven.runtime_3.9.700.20240602-2313\jars\maven-settings-builder-3.9.7.jar
2025-03-13 15:02:25,789 [Worker-31: Launching Executing install in D__workspacesreenutechnologies_class_first-app] INFO  o.eclipse.m2e.core.internal.Bundles - 	Entry: D:\software\sts\sts-4.24.0.RELEASE\plugins\org.eclipse.m2e.maven.runtime_3.9.700.20240602-2313\jars\maven-shared-utils-3.4.2.jar
2025-03-13 15:02:25,793 [Worker-31: Launching Executing install in D__workspacesreenutechnologies_class_first-app] INFO  o.eclipse.m2e.core.internal.Bundles - 	Entry: D:\software\sts\sts-4.24.0.RELEASE\plugins\org.eclipse.m2e.maven.runtime_3.9.700.20240602-2313\jars\org.eclipse.sisu.inject-0.9.0.M2.jar
2025-03-13 15:02:25,794 [Worker-31: Launching Executing install in D__workspacesreenutechnologies_class_first-app] INFO  o.eclipse.m2e.core.internal.Bundles - 	Entry: D:\software\sts\sts-4.24.0.RELEASE\plugins\org.eclipse.m2e.maven.runtime_3.9.700.20240602-2313\jars\org.eclipse.sisu.plexus-0.9.0.M2.jar
2025-03-13 15:02:25,794 [Worker-31: Launching Executing install in D__workspacesreenutechnologies_class_first-app] INFO  o.eclipse.m2e.core.internal.Bundles - 	Entry: D:\software\sts\sts-4.24.0.RELEASE\plugins\org.eclipse.m2e.maven.runtime_3.9.700.20240602-2313\jars\plexus-build-api-0.0.7.jar
2025-03-13 15:02:25,796 [Worker-31: Launching Executing install in D__workspacesreenutechnologies_class_first-app] INFO  o.eclipse.m2e.core.internal.Bundles - 	Entry: D:\software\sts\sts-4.24.0.RELEASE\plugins\org.eclipse.m2e.maven.runtime_3.9.700.20240602-2313\jars\plexus-build-api-1.2.0.jar
2025-03-13 15:02:25,797 [Worker-31: Launching Executing install in D__workspacesreenutechnologies_class_first-app] INFO  o.eclipse.m2e.core.internal.Bundles - 	Entry: D:\software\sts\sts-4.24.0.RELEASE\plugins\org.eclipse.m2e.maven.runtime_3.9.700.20240602-2313\jars\plexus-cipher-2.0.jar
2025-03-13 15:02:25,797 [Worker-31: Launching Executing install in D__workspacesreenutechnologies_class_first-app] INFO  o.eclipse.m2e.core.internal.Bundles - 	Entry: D:\software\sts\sts-4.24.0.RELEASE\plugins\org.eclipse.m2e.maven.runtime_3.9.700.20240602-2313\jars\plexus-classworlds-2.8.0.jar
2025-03-13 15:02:25,797 [Worker-31: Launching Executing install in D__workspacesreenutechnologies_class_first-app] INFO  o.eclipse.m2e.core.internal.Bundles - 	Entry: D:\software\sts\sts-4.24.0.RELEASE\plugins\org.eclipse.m2e.maven.runtime_3.9.700.20240602-2313\jars\plexus-component-annotations-2.1.0.jar
2025-03-13 15:02:25,798 [Worker-31: Launching Executing install in D__workspacesreenutechnologies_class_first-app] INFO  o.eclipse.m2e.core.internal.Bundles - 	Entry: D:\software\sts\sts-4.24.0.RELEASE\plugins\org.eclipse.m2e.maven.runtime_3.9.700.20240602-2313\jars\plexus-interpolation-1.27.jar
2025-03-13 15:02:25,798 [Worker-31: Launching Executing install in D__workspacesreenutechnologies_class_first-app] INFO  o.eclipse.m2e.core.internal.Bundles - 	Entry: D:\software\sts\sts-4.24.0.RELEASE\plugins\org.eclipse.m2e.maven.runtime_3.9.700.20240602-2313\jars\plexus-sec-dispatcher-2.0.jar
2025-03-13 15:02:25,799 [Worker-31: Launching Executing install in D__workspacesreenutechnologies_class_first-app] INFO  o.eclipse.m2e.core.internal.Bundles - 	Entry: D:\software\sts\sts-4.24.0.RELEASE\plugins\org.eclipse.m2e.maven.runtime_3.9.700.20240602-2313\jars\plexus-utils-3.5.1.jar
2025-03-13 15:02:25,799 [Worker-31: Launching Executing install in D__workspacesreenutechnologies_class_first-app] INFO  o.eclipse.m2e.core.internal.Bundles - 	Entry: D:\software\sts\sts-4.24.0.RELEASE\plugins\org.eclipse.m2e.maven.runtime_3.9.700.20240602-2313\jars\wagon-file-3.5.3.jar
2025-03-13 15:02:25,799 [Worker-31: Launching Executing install in D__workspacesreenutechnologies_class_first-app] INFO  o.eclipse.m2e.core.internal.Bundles - 	Entry: D:\software\sts\sts-4.24.0.RELEASE\plugins\org.eclipse.m2e.maven.runtime_3.9.700.20240602-2313\jars\wagon-http-3.5.3.jar
2025-03-13 15:02:25,799 [Worker-31: Launching Executing install in D__workspacesreenutechnologies_class_first-app] INFO  o.eclipse.m2e.core.internal.Bundles - 	Entry: D:\software\sts\sts-4.24.0.RELEASE\plugins\org.eclipse.m2e.maven.runtime_3.9.700.20240602-2313\jars\wagon-http-shared-3.5.3.jar
2025-03-13 15:02:25,799 [Worker-31: Launching Executing install in D__workspacesreenutechnologies_class_first-app] INFO  o.eclipse.m2e.core.internal.Bundles - 	Entry: D:\software\sts\sts-4.24.0.RELEASE\plugins\org.eclipse.m2e.maven.runtime_3.9.700.20240602-2313\jars\wagon-provider-api-3.5.3.jar
2025-03-13 15:02:25,801 [Worker-31: Launching Executing install in D__workspacesreenutechnologies_class_first-app] INFO  o.eclipse.m2e.core.internal.Bundles - getClasspathEntries(Bundle=com.google.guava_33.2.0.jre [29])
2025-03-13 15:02:25,802 [Worker-31: Launching Executing install in D__workspacesreenutechnologies_class_first-app] INFO  o.eclipse.m2e.core.internal.Bundles - 	Entry: D:\software\sts\sts-4.24.0.RELEASE\plugins\com.google.guava_33.2.0.jre.jar
2025-03-13 15:02:25,803 [Worker-31: Launching Executing install in D__workspacesreenutechnologies_class_first-app] INFO  o.eclipse.m2e.core.internal.Bundles - getClasspathEntries(Bundle=slf4j.api_2.0.13 [592])
2025-03-13 15:02:25,804 [Worker-31: Launching Executing install in D__workspacesreenutechnologies_class_first-app] INFO  o.eclipse.m2e.core.internal.Bundles - 	Entry: D:\software\sts\sts-4.24.0.RELEASE\plugins\slf4j.api_2.0.13.jar
2025-03-13 15:02:25,804 [Worker-31: Launching Executing install in D__workspacesreenutechnologies_class_first-app] INFO  o.eclipse.m2e.core.internal.Bundles - getClasspathEntries(Bundle=jakarta.inject.jakarta.inject-api_1.0.5 [44])
2025-03-13 15:02:25,805 [Worker-31: Launching Executing install in D__workspacesreenutechnologies_class_first-app] INFO  o.eclipse.m2e.core.internal.Bundles - 	Entry: D:\software\sts\sts-4.24.0.RELEASE\plugins\jakarta.inject.jakarta.inject-api_1.0.5.jar
2025-03-13 15:02:25,805 [Worker-31: Launching Executing install in D__workspacesreenutechnologies_class_first-app] INFO  o.eclipse.m2e.core.internal.Bundles - getClasspathEntries(Bundle=javax.annotation_1.3.5.v20200909-1856 [53])
2025-03-13 15:02:25,805 [Worker-31: Launching Executing install in D__workspacesreenutechnologies_class_first-app] INFO  o.eclipse.m2e.core.internal.Bundles - 	Entry: D:\software\sts\sts-4.24.0.RELEASE\plugins\javax.annotation_1.3.5.v20200909-1856.jar
2025-03-13 15:02:25,806 [Worker-31: Launching Executing install in D__workspacesreenutechnologies_class_first-app] INFO  o.eclipse.m2e.core.internal.Bundles - getClasspathEntries(Bundle=org.apache.commons.cli_1.8.0 [76])
2025-03-13 15:02:25,806 [Worker-31: Launching Executing install in D__workspacesreenutechnologies_class_first-app] INFO  o.eclipse.m2e.core.internal.Bundles - 	Entry: D:\software\sts\sts-4.24.0.RELEASE\plugins\org.apache.commons.cli_1.8.0.jar
2025-03-13 15:02:25,806 [Worker-31: Launching Executing install in D__workspacesreenutechnologies_class_first-app] INFO  o.eclipse.m2e.core.internal.Bundles - getClasspathEntries(Bundle=org.apache.commons.commons-codec_1.16.0 [78])
2025-03-13 15:02:25,807 [Worker-31: Launching Executing install in D__workspacesreenutechnologies_class_first-app] INFO  o.eclipse.m2e.core.internal.Bundles - 	Entry: D:\software\sts\sts-4.24.0.RELEASE\plugins\org.apache.commons.commons-codec_1.16.0.jar
2025-03-13 15:02:25,807 [Worker-31: Launching Executing install in D__workspacesreenutechnologies_class_first-app] INFO  o.eclipse.m2e.core.internal.Bundles - getClasspathEntries(Bundle=org.apache.commons.lang3_3.14.0 [82])
2025-03-13 15:02:25,808 [Worker-31: Launching Executing install in D__workspacesreenutechnologies_class_first-app] INFO  o.eclipse.m2e.core.internal.Bundles - 	Entry: D:\software\sts\sts-4.24.0.RELEASE\plugins\org.apache.commons.lang3_3.14.0.jar
2025-03-13 15:02:25,808 [Worker-31: Launching Executing install in D__workspacesreenutechnologies_class_first-app] INFO  o.eclipse.m2e.core.internal.Bundles - getClasspathEntries(Bundle=com.google.guava.failureaccess_1.0.2 [30])
2025-03-13 15:02:25,809 [Worker-31: Launching Executing install in D__workspacesreenutechnologies_class_first-app] INFO  o.eclipse.m2e.core.internal.Bundles - 	Entry: D:\software\sts\sts-4.24.0.RELEASE\plugins\com.google.guava.failureaccess_1.0.2.jar
2025-03-13 15:02:25,996 [Worker-31: Launching Executing install in D__workspacesreenutechnologies_class_first-app] INFO  o.e.m.i.launch.MavenLaunchDelegate - Run build in "D:\workspacesreenutechnologies\class\first-app":
2025-03-13 15:02:25,997 [Worker-31: Launching Executing install in D__workspacesreenutechnologies_class_first-app] INFO  o.e.m.i.launch.MavenLaunchDelegate -  mvn  -B -Dstyle.color=always install
2025-03-13 15:12:30,656 [Worker-33: Creating project "second-app"] INFO  o.e.m.c.i.l.LifecycleMappingFactory - Using org.eclipse.m2e.jdt.JarLifecycleMapping lifecycle mapping for MavenProject: com.fzk.b:second-app:1.0.0-SNAPSHOT @ D:\workspacesreenutechnologies\class\second-app\pom.xml.
2025-03-13 15:12:30,741 [Worker-33: Creating project "second-app"] INFO  o.e.m.j.i.AbstractJavaProjectConfigurator - Adding source folder /second-app/src/main/java
2025-03-13 15:12:30,742 [Worker-33: Creating project "second-app"] INFO  o.e.m.j.i.AbstractJavaProjectConfigurator - Adding resource folder /second-app/src/main/resources
2025-03-13 15:12:30,742 [Worker-33: Creating project "second-app"] INFO  o.e.m.j.i.AbstractJavaProjectConfigurator - Adding source folder /second-app/src/test/java
2025-03-13 15:12:30,743 [Worker-33: Creating project "second-app"] INFO  o.e.m.j.i.AbstractJavaProjectConfigurator - Adding resource folder /second-app/src/test/resources
2025-03-13 15:12:31,574 [Worker-28: Building] WARN  o.a.m.s.f.DefaultMavenResourcesFiltering - Using platform encoding (UTF-8 actually) to copy filtered resources, i.e. build is platform dependent!
2025-03-13 15:12:31,575 [Worker-28: Building] INFO  o.a.m.s.f.DefaultMavenResourcesFiltering - Copying 0 resource from src\main\resources to target\classes
2025-03-13 15:12:31,586 [Worker-28: Building] WARN  o.a.m.s.f.DefaultMavenResourcesFiltering - Using platform encoding (UTF-8 actually) to copy filtered resources, i.e. build is platform dependent!
2025-03-13 15:12:31,590 [Worker-28: Building] INFO  o.a.m.s.f.DefaultMavenResourcesFiltering - Copying 0 resource from src\test\resources to target\test-classes
2025-03-13 15:15:00,355 [Worker-37: Building] WARN  o.a.m.s.f.DefaultMavenResourcesFiltering - Using platform encoding (UTF-8 actually) to copy filtered resources, i.e. build is platform dependent!
2025-03-13 15:15:00,403 [Worker-37: Building] INFO  o.a.m.s.f.DefaultMavenResourcesFiltering - Copying 0 resource from src\main\resources to target\classes
2025-03-13 15:15:00,423 [Worker-37: Building] WARN  o.a.m.s.f.DefaultMavenResourcesFiltering - Using platform encoding (UTF-8 actually) to copy filtered resources, i.e. build is platform dependent!
2025-03-13 15:15:00,424 [Worker-37: Building] INFO  o.a.m.s.f.DefaultMavenResourcesFiltering - Copying 0 resource from src\test\resources to target\test-classes
2025-03-13 15:16:34,977 [Worker-37: Building] WARN  o.a.m.s.f.DefaultMavenResourcesFiltering - Using platform encoding (UTF-8 actually) to copy filtered resources, i.e. build is platform dependent!
2025-03-13 15:16:34,980 [Worker-37: Building] INFO  o.a.m.s.f.DefaultMavenResourcesFiltering - Copying 0 resource from src\main\resources to target\classes
2025-03-13 15:16:35,033 [Worker-37: Building] WARN  o.a.m.s.f.DefaultMavenResourcesFiltering - Using platform encoding (UTF-8 actually) to copy filtered resources, i.e. build is platform dependent!
2025-03-13 15:16:35,036 [Worker-37: Building] INFO  o.a.m.s.f.DefaultMavenResourcesFiltering - Copying 0 resource from src\test\resources to target\test-classes
2025-03-13 15:16:43,397 [Worker-38: Building] WARN  o.a.m.s.f.DefaultMavenResourcesFiltering - Using platform encoding (UTF-8 actually) to copy filtered resources, i.e. build is platform dependent!
2025-03-13 15:16:43,398 [Worker-38: Building] INFO  o.a.m.s.f.DefaultMavenResourcesFiltering - Copying 0 resource from src\main\resources to target\classes
2025-03-13 15:16:43,405 [Worker-38: Building] WARN  o.a.m.s.f.DefaultMavenResourcesFiltering - Using platform encoding (UTF-8 actually) to copy filtered resources, i.e. build is platform dependent!
2025-03-13 15:16:43,408 [Worker-38: Building] INFO  o.a.m.s.f.DefaultMavenResourcesFiltering - Copying 0 resource from src\test\resources to target\test-classes
2025-03-13 15:17:17,886 [Worker-38: Building] WARN  o.a.m.s.f.DefaultMavenResourcesFiltering - Using platform encoding (UTF-8 actually) to copy filtered resources, i.e. build is platform dependent!
2025-03-13 15:17:17,887 [Worker-38: Building] INFO  o.a.m.s.f.DefaultMavenResourcesFiltering - Copying 0 resource from src\main\resources to target\classes
2025-03-13 15:17:17,892 [Worker-38: Building] WARN  o.a.m.s.f.DefaultMavenResourcesFiltering - Using platform encoding (UTF-8 actually) to copy filtered resources, i.e. build is platform dependent!
2025-03-13 15:17:17,893 [Worker-38: Building] INFO  o.a.m.s.f.DefaultMavenResourcesFiltering - Copying 0 resource from src\test\resources to target\test-classes
2025-03-13 15:28:43,724 [Worker-42: Building] WARN  o.a.m.s.f.DefaultMavenResourcesFiltering - Using platform encoding (UTF-8 actually) to copy filtered resources, i.e. build is platform dependent!
2025-03-13 15:28:43,726 [Worker-42: Building] INFO  o.a.m.s.f.DefaultMavenResourcesFiltering - Copying 0 resource from src\main\resources to target\classes
2025-03-13 15:28:43,757 [Worker-42: Building] WARN  o.a.m.s.f.DefaultMavenResourcesFiltering - Using platform encoding (UTF-8 actually) to copy filtered resources, i.e. build is platform dependent!
2025-03-13 15:28:43,758 [Worker-42: Building] INFO  o.a.m.s.f.DefaultMavenResourcesFiltering - Copying 0 resource from src\test\resources to target\test-classes
2025-03-13 15:34:24,736 [Worker-42: Launching BFinal] WARN  o.a.m.s.f.DefaultMavenResourcesFiltering - Using platform encoding (UTF-8 actually) to copy filtered resources, i.e. build is platform dependent!
2025-03-13 15:34:24,738 [Worker-42: Launching BFinal] INFO  o.a.m.s.f.DefaultMavenResourcesFiltering - Copying 0 resource from src\main\resources to target\classes
2025-03-13 15:34:24,741 [Worker-42: Launching BFinal] WARN  o.a.m.s.f.DefaultMavenResourcesFiltering - Using platform encoding (UTF-8 actually) to copy filtered resources, i.e. build is platform dependent!
2025-03-13 15:34:24,743 [Worker-42: Launching BFinal] INFO  o.a.m.s.f.DefaultMavenResourcesFiltering - Copying 0 resource from src\test\resources to target\test-classes
2025-03-13 15:34:50,969 [Worker-45: Launching Executing install in D__workspacesreenutechnologies_class_second-app] INFO  o.eclipse.m2e.core.internal.Bundles - getClasspathEntries(Bundle=org.eclipse.m2e.maven.runtime_3.9.700.20240602-2313 [359])
2025-03-13 15:34:50,985 [Worker-45: Launching Executing install in D__workspacesreenutechnologies_class_second-app] INFO  o.eclipse.m2e.core.internal.Bundles - 	Entry: D:\software\sts\sts-4.24.0.RELEASE\plugins\org.eclipse.m2e.maven.runtime_3.9.700.20240602-2313
2025-03-13 15:34:50,986 [Worker-45: Launching Executing install in D__workspacesreenutechnologies_class_second-app] INFO  o.eclipse.m2e.core.internal.Bundles - 	Entry: D:\software\sts\sts-4.24.0.RELEASE\plugins\org.eclipse.m2e.maven.runtime_3.9.700.20240602-2313\jars\aopalliance-1.0.jar
2025-03-13 15:34:50,986 [Worker-45: Launching Executing install in D__workspacesreenutechnologies_class_second-app] INFO  o.eclipse.m2e.core.internal.Bundles - 	Entry: D:\software\sts\sts-4.24.0.RELEASE\plugins\org.eclipse.m2e.maven.runtime_3.9.700.20240602-2313\jars\guice-5.1.0.jar
2025-03-13 15:34:50,986 [Worker-45: Launching Executing install in D__workspacesreenutechnologies_class_second-app] INFO  o.eclipse.m2e.core.internal.Bundles - 	Entry: D:\software\sts\sts-4.24.0.RELEASE\plugins\org.eclipse.m2e.maven.runtime_3.9.700.20240602-2313\jars\httpclient-4.5.14.jar
2025-03-13 15:34:50,988 [Worker-45: Launching Executing install in D__workspacesreenutechnologies_class_second-app] INFO  o.eclipse.m2e.core.internal.Bundles - 	Entry: D:\software\sts\sts-4.24.0.RELEASE\plugins\org.eclipse.m2e.maven.runtime_3.9.700.20240602-2313\jars\httpcore-4.4.16.jar
2025-03-13 15:34:50,988 [Worker-45: Launching Executing install in D__workspacesreenutechnologies_class_second-app] INFO  o.eclipse.m2e.core.internal.Bundles - 	Entry: D:\software\sts\sts-4.24.0.RELEASE\plugins\org.eclipse.m2e.maven.runtime_3.9.700.20240602-2313\jars\jansi-2.4.1.jar
2025-03-13 15:34:50,988 [Worker-45: Launching Executing install in D__workspacesreenutechnologies_class_second-app] INFO  o.eclipse.m2e.core.internal.Bundles - 	Entry: D:\software\sts\sts-4.24.0.RELEASE\plugins\org.eclipse.m2e.maven.runtime_3.9.700.20240602-2313\jars\jcl-over-slf4j-1.7.36.jar
2025-03-13 15:34:50,988 [Worker-45: Launching Executing install in D__workspacesreenutechnologies_class_second-app] INFO  o.eclipse.m2e.core.internal.Bundles - 	Entry: D:\software\sts\sts-4.24.0.RELEASE\plugins\org.eclipse.m2e.maven.runtime_3.9.700.20240602-2313\jars\maven-artifact-3.9.7.jar
2025-03-13 15:34:50,989 [Worker-45: Launching Executing install in D__workspacesreenutechnologies_class_second-app] INFO  o.eclipse.m2e.core.internal.Bundles - 	Entry: D:\software\sts\sts-4.24.0.RELEASE\plugins\org.eclipse.m2e.maven.runtime_3.9.700.20240602-2313\jars\maven-builder-support-3.9.7.jar
2025-03-13 15:34:50,991 [Worker-45: Launching Executing install in D__workspacesreenutechnologies_class_second-app] INFO  o.eclipse.m2e.core.internal.Bundles - 	Entry: D:\software\sts\sts-4.24.0.RELEASE\plugins\org.eclipse.m2e.maven.runtime_3.9.700.20240602-2313\jars\maven-compat-3.9.7.jar
2025-03-13 15:34:50,991 [Worker-45: Launching Executing install in D__workspacesreenutechnologies_class_second-app] INFO  o.eclipse.m2e.core.internal.Bundles - 	Entry: D:\software\sts\sts-4.24.0.RELEASE\plugins\org.eclipse.m2e.maven.runtime_3.9.700.20240602-2313\jars\maven-core-3.9.7.jar
2025-03-13 15:34:50,992 [Worker-45: Launching Executing install in D__workspacesreenutechnologies_class_second-app] INFO  o.eclipse.m2e.core.internal.Bundles - 	Entry: D:\software\sts\sts-4.24.0.RELEASE\plugins\org.eclipse.m2e.maven.runtime_3.9.700.20240602-2313\jars\maven-embedder-3.9.7.jar
2025-03-13 15:34:50,993 [Worker-45: Launching Executing install in D__workspacesreenutechnologies_class_second-app] INFO  o.eclipse.m2e.core.internal.Bundles - 	Entry: D:\software\sts\sts-4.24.0.RELEASE\plugins\org.eclipse.m2e.maven.runtime_3.9.700.20240602-2313\jars\maven-model-3.9.7.jar
2025-03-13 15:34:50,993 [Worker-45: Launching Executing install in D__workspacesreenutechnologies_class_second-app] INFO  o.eclipse.m2e.core.internal.Bundles - 	Entry: D:\software\sts\sts-4.24.0.RELEASE\plugins\org.eclipse.m2e.maven.runtime_3.9.700.20240602-2313\jars\maven-model-builder-3.9.7.jar
2025-03-13 15:34:50,993 [Worker-45: Launching Executing install in D__workspacesreenutechnologies_class_second-app] INFO  o.eclipse.m2e.core.internal.Bundles - 	Entry: D:\software\sts\sts-4.24.0.RELEASE\plugins\org.eclipse.m2e.maven.runtime_3.9.700.20240602-2313\jars\maven-plugin-api-3.9.7.jar
2025-03-13 15:34:50,993 [Worker-45: Launching Executing install in D__workspacesreenutechnologies_class_second-app] INFO  o.eclipse.m2e.core.internal.Bundles - 	Entry: D:\software\sts\sts-4.24.0.RELEASE\plugins\org.eclipse.m2e.maven.runtime_3.9.700.20240602-2313\jars\maven-repository-metadata-3.9.7.jar
2025-03-13 15:34:50,993 [Worker-45: Launching Executing install in D__workspacesreenutechnologies_class_second-app] INFO  o.eclipse.m2e.core.internal.Bundles - 	Entry: D:\software\sts\sts-4.24.0.RELEASE\plugins\org.eclipse.m2e.maven.runtime_3.9.700.20240602-2313\jars\maven-resolver-api-1.9.20.jar
2025-03-13 15:34:50,993 [Worker-45: Launching Executing install in D__workspacesreenutechnologies_class_second-app] INFO  o.eclipse.m2e.core.internal.Bundles - 	Entry: D:\software\sts\sts-4.24.0.RELEASE\plugins\org.eclipse.m2e.maven.runtime_3.9.700.20240602-2313\jars\maven-resolver-connector-basic-1.9.20.jar
2025-03-13 15:34:50,994 [Worker-45: Launching Executing install in D__workspacesreenutechnologies_class_second-app] INFO  o.eclipse.m2e.core.internal.Bundles - 	Entry: D:\software\sts\sts-4.24.0.RELEASE\plugins\org.eclipse.m2e.maven.runtime_3.9.700.20240602-2313\jars\maven-resolver-impl-1.9.20.jar
2025-03-13 15:34:50,994 [Worker-45: Launching Executing install in D__workspacesreenutechnologies_class_second-app] INFO  o.eclipse.m2e.core.internal.Bundles - 	Entry: D:\software\sts\sts-4.24.0.RELEASE\plugins\org.eclipse.m2e.maven.runtime_3.9.700.20240602-2313\jars\maven-resolver-named-locks-1.9.20.jar
2025-03-13 15:34:50,994 [Worker-45: Launching Executing install in D__workspacesreenutechnologies_class_second-app] INFO  o.eclipse.m2e.core.internal.Bundles - 	Entry: D:\software\sts\sts-4.24.0.RELEASE\plugins\org.eclipse.m2e.maven.runtime_3.9.700.20240602-2313\jars\maven-resolver-provider-3.9.7.jar
2025-03-13 15:34:50,995 [Worker-45: Launching Executing install in D__workspacesreenutechnologies_class_second-app] INFO  o.eclipse.m2e.core.internal.Bundles - 	Entry: D:\software\sts\sts-4.24.0.RELEASE\plugins\org.eclipse.m2e.maven.runtime_3.9.700.20240602-2313\jars\maven-resolver-spi-1.9.20.jar
2025-03-13 15:34:50,995 [Worker-45: Launching Executing install in D__workspacesreenutechnologies_class_second-app] INFO  o.eclipse.m2e.core.internal.Bundles - 	Entry: D:\software\sts\sts-4.24.0.RELEASE\plugins\org.eclipse.m2e.maven.runtime_3.9.700.20240602-2313\jars\maven-resolver-transport-file-1.9.20.jar
2025-03-13 15:34:50,995 [Worker-45: Launching Executing install in D__workspacesreenutechnologies_class_second-app] INFO  o.eclipse.m2e.core.internal.Bundles - 	Entry: D:\software\sts\sts-4.24.0.RELEASE\plugins\org.eclipse.m2e.maven.runtime_3.9.700.20240602-2313\jars\maven-resolver-transport-http-1.9.20.jar
2025-03-13 15:34:50,995 [Worker-45: Launching Executing install in D__workspacesreenutechnologies_class_second-app] INFO  o.eclipse.m2e.core.internal.Bundles - 	Entry: D:\software\sts\sts-4.24.0.RELEASE\plugins\org.eclipse.m2e.maven.runtime_3.9.700.20240602-2313\jars\maven-resolver-transport-wagon-1.9.20.jar
2025-03-13 15:34:50,995 [Worker-45: Launching Executing install in D__workspacesreenutechnologies_class_second-app] INFO  o.eclipse.m2e.core.internal.Bundles - 	Entry: D:\software\sts\sts-4.24.0.RELEASE\plugins\org.eclipse.m2e.maven.runtime_3.9.700.20240602-2313\jars\maven-resolver-util-1.9.20.jar
2025-03-13 15:34:50,995 [Worker-45: Launching Executing install in D__workspacesreenutechnologies_class_second-app] INFO  o.eclipse.m2e.core.internal.Bundles - 	Entry: D:\software\sts\sts-4.24.0.RELEASE\plugins\org.eclipse.m2e.maven.runtime_3.9.700.20240602-2313\jars\maven-settings-3.9.7.jar
2025-03-13 15:34:50,995 [Worker-45: Launching Executing install in D__workspacesreenutechnologies_class_second-app] INFO  o.eclipse.m2e.core.internal.Bundles - 	Entry: D:\software\sts\sts-4.24.0.RELEASE\plugins\org.eclipse.m2e.maven.runtime_3.9.700.20240602-2313\jars\maven-settings-builder-3.9.7.jar
2025-03-13 15:34:50,995 [Worker-45: Launching Executing install in D__workspacesreenutechnologies_class_second-app] INFO  o.eclipse.m2e.core.internal.Bundles - 	Entry: D:\software\sts\sts-4.24.0.RELEASE\plugins\org.eclipse.m2e.maven.runtime_3.9.700.20240602-2313\jars\maven-shared-utils-3.4.2.jar
2025-03-13 15:34:50,995 [Worker-45: Launching Executing install in D__workspacesreenutechnologies_class_second-app] INFO  o.eclipse.m2e.core.internal.Bundles - 	Entry: D:\software\sts\sts-4.24.0.RELEASE\plugins\org.eclipse.m2e.maven.runtime_3.9.700.20240602-2313\jars\org.eclipse.sisu.inject-0.9.0.M2.jar
2025-03-13 15:34:50,996 [Worker-45: Launching Executing install in D__workspacesreenutechnologies_class_second-app] INFO  o.eclipse.m2e.core.internal.Bundles - 	Entry: D:\software\sts\sts-4.24.0.RELEASE\plugins\org.eclipse.m2e.maven.runtime_3.9.700.20240602-2313\jars\org.eclipse.sisu.plexus-0.9.0.M2.jar
2025-03-13 15:34:50,996 [Worker-45: Launching Executing install in D__workspacesreenutechnologies_class_second-app] INFO  o.eclipse.m2e.core.internal.Bundles - 	Entry: D:\software\sts\sts-4.24.0.RELEASE\plugins\org.eclipse.m2e.maven.runtime_3.9.700.20240602-2313\jars\plexus-build-api-0.0.7.jar
2025-03-13 15:34:50,996 [Worker-45: Launching Executing install in D__workspacesreenutechnologies_class_second-app] INFO  o.eclipse.m2e.core.internal.Bundles - 	Entry: D:\software\sts\sts-4.24.0.RELEASE\plugins\org.eclipse.m2e.maven.runtime_3.9.700.20240602-2313\jars\plexus-build-api-1.2.0.jar
2025-03-13 15:34:50,996 [Worker-45: Launching Executing install in D__workspacesreenutechnologies_class_second-app] INFO  o.eclipse.m2e.core.internal.Bundles - 	Entry: D:\software\sts\sts-4.24.0.RELEASE\plugins\org.eclipse.m2e.maven.runtime_3.9.700.20240602-2313\jars\plexus-cipher-2.0.jar
2025-03-13 15:34:50,996 [Worker-45: Launching Executing install in D__workspacesreenutechnologies_class_second-app] INFO  o.eclipse.m2e.core.internal.Bundles - 	Entry: D:\software\sts\sts-4.24.0.RELEASE\plugins\org.eclipse.m2e.maven.runtime_3.9.700.20240602-2313\jars\plexus-classworlds-2.8.0.jar
2025-03-13 15:34:50,996 [Worker-45: Launching Executing install in D__workspacesreenutechnologies_class_second-app] INFO  o.eclipse.m2e.core.internal.Bundles - 	Entry: D:\software\sts\sts-4.24.0.RELEASE\plugins\org.eclipse.m2e.maven.runtime_3.9.700.20240602-2313\jars\plexus-component-annotations-2.1.0.jar
2025-03-13 15:34:50,996 [Worker-45: Launching Executing install in D__workspacesreenutechnologies_class_second-app] INFO  o.eclipse.m2e.core.internal.Bundles - 	Entry: D:\software\sts\sts-4.24.0.RELEASE\plugins\org.eclipse.m2e.maven.runtime_3.9.700.20240602-2313\jars\plexus-interpolation-1.27.jar
2025-03-13 15:34:50,996 [Worker-45: Launching Executing install in D__workspacesreenutechnologies_class_second-app] INFO  o.eclipse.m2e.core.internal.Bundles - 	Entry: D:\software\sts\sts-4.24.0.RELEASE\plugins\org.eclipse.m2e.maven.runtime_3.9.700.20240602-2313\jars\plexus-sec-dispatcher-2.0.jar
2025-03-13 15:34:50,997 [Worker-45: Launching Executing install in D__workspacesreenutechnologies_class_second-app] INFO  o.eclipse.m2e.core.internal.Bundles - 	Entry: D:\software\sts\sts-4.24.0.RELEASE\plugins\org.eclipse.m2e.maven.runtime_3.9.700.20240602-2313\jars\plexus-utils-3.5.1.jar
2025-03-13 15:34:50,997 [Worker-45: Launching Executing install in D__workspacesreenutechnologies_class_second-app] INFO  o.eclipse.m2e.core.internal.Bundles - 	Entry: D:\software\sts\sts-4.24.0.RELEASE\plugins\org.eclipse.m2e.maven.runtime_3.9.700.20240602-2313\jars\wagon-file-3.5.3.jar
2025-03-13 15:34:50,997 [Worker-45: Launching Executing install in D__workspacesreenutechnologies_class_second-app] INFO  o.eclipse.m2e.core.internal.Bundles - 	Entry: D:\software\sts\sts-4.24.0.RELEASE\plugins\org.eclipse.m2e.maven.runtime_3.9.700.20240602-2313\jars\wagon-http-3.5.3.jar
2025-03-13 15:34:50,997 [Worker-45: Launching Executing install in D__workspacesreenutechnologies_class_second-app] INFO  o.eclipse.m2e.core.internal.Bundles - 	Entry: D:\software\sts\sts-4.24.0.RELEASE\plugins\org.eclipse.m2e.maven.runtime_3.9.700.20240602-2313\jars\wagon-http-shared-3.5.3.jar
2025-03-13 15:34:50,997 [Worker-45: Launching Executing install in D__workspacesreenutechnologies_class_second-app] INFO  o.eclipse.m2e.core.internal.Bundles - 	Entry: D:\software\sts\sts-4.24.0.RELEASE\plugins\org.eclipse.m2e.maven.runtime_3.9.700.20240602-2313\jars\wagon-provider-api-3.5.3.jar
2025-03-13 15:34:50,998 [Worker-45: Launching Executing install in D__workspacesreenutechnologies_class_second-app] INFO  o.eclipse.m2e.core.internal.Bundles - getClasspathEntries(Bundle=com.google.guava_33.2.0.jre [29])
2025-03-13 15:34:50,999 [Worker-45: Launching Executing install in D__workspacesreenutechnologies_class_second-app] INFO  o.eclipse.m2e.core.internal.Bundles - 	Entry: D:\software\sts\sts-4.24.0.RELEASE\plugins\com.google.guava_33.2.0.jre.jar
2025-03-13 15:34:51,000 [Worker-45: Launching Executing install in D__workspacesreenutechnologies_class_second-app] INFO  o.eclipse.m2e.core.internal.Bundles - getClasspathEntries(Bundle=slf4j.api_2.0.13 [592])
2025-03-13 15:34:51,000 [Worker-45: Launching Executing install in D__workspacesreenutechnologies_class_second-app] INFO  o.eclipse.m2e.core.internal.Bundles - 	Entry: D:\software\sts\sts-4.24.0.RELEASE\plugins\slf4j.api_2.0.13.jar
2025-03-13 15:34:51,000 [Worker-45: Launching Executing install in D__workspacesreenutechnologies_class_second-app] INFO  o.eclipse.m2e.core.internal.Bundles - getClasspathEntries(Bundle=jakarta.inject.jakarta.inject-api_1.0.5 [44])
2025-03-13 15:34:51,001 [Worker-45: Launching Executing install in D__workspacesreenutechnologies_class_second-app] INFO  o.eclipse.m2e.core.internal.Bundles - 	Entry: D:\software\sts\sts-4.24.0.RELEASE\plugins\jakarta.inject.jakarta.inject-api_1.0.5.jar
2025-03-13 15:34:51,001 [Worker-45: Launching Executing install in D__workspacesreenutechnologies_class_second-app] INFO  o.eclipse.m2e.core.internal.Bundles - getClasspathEntries(Bundle=javax.annotation_1.3.5.v20200909-1856 [53])
2025-03-13 15:34:51,002 [Worker-45: Launching Executing install in D__workspacesreenutechnologies_class_second-app] INFO  o.eclipse.m2e.core.internal.Bundles - 	Entry: D:\software\sts\sts-4.24.0.RELEASE\plugins\javax.annotation_1.3.5.v20200909-1856.jar
2025-03-13 15:34:51,002 [Worker-45: Launching Executing install in D__workspacesreenutechnologies_class_second-app] INFO  o.eclipse.m2e.core.internal.Bundles - getClasspathEntries(Bundle=org.apache.commons.cli_1.8.0 [76])
2025-03-13 15:34:51,003 [Worker-45: Launching Executing install in D__workspacesreenutechnologies_class_second-app] INFO  o.eclipse.m2e.core.internal.Bundles - 	Entry: D:\software\sts\sts-4.24.0.RELEASE\plugins\org.apache.commons.cli_1.8.0.jar
2025-03-13 15:34:51,014 [Worker-45: Launching Executing install in D__workspacesreenutechnologies_class_second-app] INFO  o.eclipse.m2e.core.internal.Bundles - getClasspathEntries(Bundle=org.apache.commons.commons-codec_1.16.0 [78])
2025-03-13 15:34:51,016 [Worker-45: Launching Executing install in D__workspacesreenutechnologies_class_second-app] INFO  o.eclipse.m2e.core.internal.Bundles - 	Entry: D:\software\sts\sts-4.24.0.RELEASE\plugins\org.apache.commons.commons-codec_1.16.0.jar
2025-03-13 15:34:51,016 [Worker-45: Launching Executing install in D__workspacesreenutechnologies_class_second-app] INFO  o.eclipse.m2e.core.internal.Bundles - getClasspathEntries(Bundle=org.apache.commons.lang3_3.14.0 [82])
2025-03-13 15:34:51,017 [Worker-45: Launching Executing install in D__workspacesreenutechnologies_class_second-app] INFO  o.eclipse.m2e.core.internal.Bundles - 	Entry: D:\software\sts\sts-4.24.0.RELEASE\plugins\org.apache.commons.lang3_3.14.0.jar
2025-03-13 15:34:51,017 [Worker-45: Launching Executing install in D__workspacesreenutechnologies_class_second-app] INFO  o.eclipse.m2e.core.internal.Bundles - getClasspathEntries(Bundle=com.google.guava.failureaccess_1.0.2 [30])
2025-03-13 15:34:51,018 [Worker-45: Launching Executing install in D__workspacesreenutechnologies_class_second-app] INFO  o.eclipse.m2e.core.internal.Bundles - 	Entry: D:\software\sts\sts-4.24.0.RELEASE\plugins\com.google.guava.failureaccess_1.0.2.jar
2025-03-13 15:34:51,019 [Worker-45: Launching Executing install in D__workspacesreenutechnologies_class_second-app] INFO  o.e.m.i.launch.MavenLaunchDelegate - Run build in "D:\workspacesreenutechnologies\class\second-app":
2025-03-13 15:34:51,019 [Worker-45: Launching Executing install in D__workspacesreenutechnologies_class_second-app] INFO  o.e.m.i.launch.MavenLaunchDelegate -  mvn  -B -Dstyle.color=always install
2025-03-13 15:35:00,279 [Worker-46: Building] WARN  o.a.m.s.f.DefaultMavenResourcesFiltering - Using platform encoding (UTF-8 actually) to copy filtered resources, i.e. build is platform dependent!
2025-03-13 15:35:00,284 [Worker-46: Building] INFO  o.a.m.s.f.DefaultMavenResourcesFiltering - Copying 0 resource from src\main\resources to target\classes
2025-03-13 15:35:00,299 [Worker-46: Building] WARN  o.a.m.s.f.DefaultMavenResourcesFiltering - Using platform encoding (UTF-8 actually) to copy filtered resources, i.e. build is platform dependent!
2025-03-13 15:35:00,313 [Worker-46: Building] INFO  o.a.m.s.f.DefaultMavenResourcesFiltering - Copying 0 resource from src\test\resources to target\test-classes
2025-03-13 15:40:25,028 [Worker-49: Building] WARN  o.a.m.s.f.DefaultMavenResourcesFiltering - Using platform encoding (UTF-8 actually) to copy filtered resources, i.e. build is platform dependent!
2025-03-13 15:40:25,036 [Worker-49: Building] INFO  o.a.m.s.f.DefaultMavenResourcesFiltering - Copying 0 resource from src\main\resources to target\classes
2025-03-13 15:40:25,047 [Worker-49: Building] WARN  o.a.m.s.f.DefaultMavenResourcesFiltering - Using platform encoding (UTF-8 actually) to copy filtered resources, i.e. build is platform dependent!
2025-03-13 15:40:25,048 [Worker-49: Building] INFO  o.a.m.s.f.DefaultMavenResourcesFiltering - Copying 0 resource from src\test\resources to target\test-classes
2025-03-13 15:41:30,300 [Worker-49: Launching Executing install in D__workspacesreenutechnologies_class_second-app] INFO  o.eclipse.m2e.core.internal.Bundles - getClasspathEntries(Bundle=org.eclipse.m2e.maven.runtime_3.9.700.20240602-2313 [359])
2025-03-13 15:41:30,301 [Worker-49: Launching Executing install in D__workspacesreenutechnologies_class_second-app] INFO  o.eclipse.m2e.core.internal.Bundles - 	Entry: D:\software\sts\sts-4.24.0.RELEASE\plugins\org.eclipse.m2e.maven.runtime_3.9.700.20240602-2313
2025-03-13 15:41:30,301 [Worker-49: Launching Executing install in D__workspacesreenutechnologies_class_second-app] INFO  o.eclipse.m2e.core.internal.Bundles - 	Entry: D:\software\sts\sts-4.24.0.RELEASE\plugins\org.eclipse.m2e.maven.runtime_3.9.700.20240602-2313\jars\aopalliance-1.0.jar
2025-03-13 15:41:30,301 [Worker-49: Launching Executing install in D__workspacesreenutechnologies_class_second-app] INFO  o.eclipse.m2e.core.internal.Bundles - 	Entry: D:\software\sts\sts-4.24.0.RELEASE\plugins\org.eclipse.m2e.maven.runtime_3.9.700.20240602-2313\jars\guice-5.1.0.jar
2025-03-13 15:41:30,301 [Worker-49: Launching Executing install in D__workspacesreenutechnologies_class_second-app] INFO  o.eclipse.m2e.core.internal.Bundles - 	Entry: D:\software\sts\sts-4.24.0.RELEASE\plugins\org.eclipse.m2e.maven.runtime_3.9.700.20240602-2313\jars\httpclient-4.5.14.jar
2025-03-13 15:41:30,301 [Worker-49: Launching Executing install in D__workspacesreenutechnologies_class_second-app] INFO  o.eclipse.m2e.core.internal.Bundles - 	Entry: D:\software\sts\sts-4.24.0.RELEASE\plugins\org.eclipse.m2e.maven.runtime_3.9.700.20240602-2313\jars\httpcore-4.4.16.jar
2025-03-13 15:41:30,301 [Worker-49: Launching Executing install in D__workspacesreenutechnologies_class_second-app] INFO  o.eclipse.m2e.core.internal.Bundles - 	Entry: D:\software\sts\sts-4.24.0.RELEASE\plugins\org.eclipse.m2e.maven.runtime_3.9.700.20240602-2313\jars\jansi-2.4.1.jar
2025-03-13 15:41:30,302 [Worker-49: Launching Executing install in D__workspacesreenutechnologies_class_second-app] INFO  o.eclipse.m2e.core.internal.Bundles - 	Entry: D:\software\sts\sts-4.24.0.RELEASE\plugins\org.eclipse.m2e.maven.runtime_3.9.700.20240602-2313\jars\jcl-over-slf4j-1.7.36.jar
2025-03-13 15:41:30,302 [Worker-49: Launching Executing install in D__workspacesreenutechnologies_class_second-app] INFO  o.eclipse.m2e.core.internal.Bundles - 	Entry: D:\software\sts\sts-4.24.0.RELEASE\plugins\org.eclipse.m2e.maven.runtime_3.9.700.20240602-2313\jars\maven-artifact-3.9.7.jar
2025-03-13 15:41:30,302 [Worker-49: Launching Executing install in D__workspacesreenutechnologies_class_second-app] INFO  o.eclipse.m2e.core.internal.Bundles - 	Entry: D:\software\sts\sts-4.24.0.RELEASE\plugins\org.eclipse.m2e.maven.runtime_3.9.700.20240602-2313\jars\maven-builder-support-3.9.7.jar
2025-03-13 15:41:30,302 [Worker-49: Launching Executing install in D__workspacesreenutechnologies_class_second-app] INFO  o.eclipse.m2e.core.internal.Bundles - 	Entry: D:\software\sts\sts-4.24.0.RELEASE\plugins\org.eclipse.m2e.maven.runtime_3.9.700.20240602-2313\jars\maven-compat-3.9.7.jar
2025-03-13 15:41:30,302 [Worker-49: Launching Executing install in D__workspacesreenutechnologies_class_second-app] INFO  o.eclipse.m2e.core.internal.Bundles - 	Entry: D:\software\sts\sts-4.24.0.RELEASE\plugins\org.eclipse.m2e.maven.runtime_3.9.700.20240602-2313\jars\maven-core-3.9.7.jar
2025-03-13 15:41:30,302 [Worker-49: Launching Executing install in D__workspacesreenutechnologies_class_second-app] INFO  o.eclipse.m2e.core.internal.Bundles - 	Entry: D:\software\sts\sts-4.24.0.RELEASE\plugins\org.eclipse.m2e.maven.runtime_3.9.700.20240602-2313\jars\maven-embedder-3.9.7.jar
2025-03-13 15:41:30,302 [Worker-49: Launching Executing install in D__workspacesreenutechnologies_class_second-app] INFO  o.eclipse.m2e.core.internal.Bundles - 	Entry: D:\software\sts\sts-4.24.0.RELEASE\plugins\org.eclipse.m2e.maven.runtime_3.9.700.20240602-2313\jars\maven-model-3.9.7.jar
2025-03-13 15:41:30,302 [Worker-49: Launching Executing install in D__workspacesreenutechnologies_class_second-app] INFO  o.eclipse.m2e.core.internal.Bundles - 	Entry: D:\software\sts\sts-4.24.0.RELEASE\plugins\org.eclipse.m2e.maven.runtime_3.9.700.20240602-2313\jars\maven-model-builder-3.9.7.jar
2025-03-13 15:41:30,308 [Worker-49: Launching Executing install in D__workspacesreenutechnologies_class_second-app] INFO  o.eclipse.m2e.core.internal.Bundles - 	Entry: D:\software\sts\sts-4.24.0.RELEASE\plugins\org.eclipse.m2e.maven.runtime_3.9.700.20240602-2313\jars\maven-plugin-api-3.9.7.jar
2025-03-13 15:41:30,309 [Worker-49: Launching Executing install in D__workspacesreenutechnologies_class_second-app] INFO  o.eclipse.m2e.core.internal.Bundles - 	Entry: D:\software\sts\sts-4.24.0.RELEASE\plugins\org.eclipse.m2e.maven.runtime_3.9.700.20240602-2313\jars\maven-repository-metadata-3.9.7.jar
2025-03-13 15:41:30,309 [Worker-49: Launching Executing install in D__workspacesreenutechnologies_class_second-app] INFO  o.eclipse.m2e.core.internal.Bundles - 	Entry: D:\software\sts\sts-4.24.0.RELEASE\plugins\org.eclipse.m2e.maven.runtime_3.9.700.20240602-2313\jars\maven-resolver-api-1.9.20.jar
2025-03-13 15:41:30,309 [Worker-49: Launching Executing install in D__workspacesreenutechnologies_class_second-app] INFO  o.eclipse.m2e.core.internal.Bundles - 	Entry: D:\software\sts\sts-4.24.0.RELEASE\plugins\org.eclipse.m2e.maven.runtime_3.9.700.20240602-2313\jars\maven-resolver-connector-basic-1.9.20.jar
2025-03-13 15:41:30,309 [Worker-49: Launching Executing install in D__workspacesreenutechnologies_class_second-app] INFO  o.eclipse.m2e.core.internal.Bundles - 	Entry: D:\software\sts\sts-4.24.0.RELEASE\plugins\org.eclipse.m2e.maven.runtime_3.9.700.20240602-2313\jars\maven-resolver-impl-1.9.20.jar
2025-03-13 15:41:30,309 [Worker-49: Launching Executing install in D__workspacesreenutechnologies_class_second-app] INFO  o.eclipse.m2e.core.internal.Bundles - 	Entry: D:\software\sts\sts-4.24.0.RELEASE\plugins\org.eclipse.m2e.maven.runtime_3.9.700.20240602-2313\jars\maven-resolver-named-locks-1.9.20.jar
2025-03-13 15:41:30,309 [Worker-49: Launching Executing install in D__workspacesreenutechnologies_class_second-app] INFO  o.eclipse.m2e.core.internal.Bundles - 	Entry: D:\software\sts\sts-4.24.0.RELEASE\plugins\org.eclipse.m2e.maven.runtime_3.9.700.20240602-2313\jars\maven-resolver-provider-3.9.7.jar
2025-03-13 15:41:30,309 [Worker-49: Launching Executing install in D__workspacesreenutechnologies_class_second-app] INFO  o.eclipse.m2e.core.internal.Bundles - 	Entry: D:\software\sts\sts-4.24.0.RELEASE\plugins\org.eclipse.m2e.maven.runtime_3.9.700.20240602-2313\jars\maven-resolver-spi-1.9.20.jar
2025-03-13 15:41:30,309 [Worker-49: Launching Executing install in D__workspacesreenutechnologies_class_second-app] INFO  o.eclipse.m2e.core.internal.Bundles - 	Entry: D:\software\sts\sts-4.24.0.RELEASE\plugins\org.eclipse.m2e.maven.runtime_3.9.700.20240602-2313\jars\maven-resolver-transport-file-1.9.20.jar
2025-03-13 15:41:30,309 [Worker-49: Launching Executing install in D__workspacesreenutechnologies_class_second-app] INFO  o.eclipse.m2e.core.internal.Bundles - 	Entry: D:\software\sts\sts-4.24.0.RELEASE\plugins\org.eclipse.m2e.maven.runtime_3.9.700.20240602-2313\jars\maven-resolver-transport-http-1.9.20.jar
2025-03-13 15:41:30,310 [Worker-49: Launching Executing install in D__workspacesreenutechnologies_class_second-app] INFO  o.eclipse.m2e.core.internal.Bundles - 	Entry: D:\software\sts\sts-4.24.0.RELEASE\plugins\org.eclipse.m2e.maven.runtime_3.9.700.20240602-2313\jars\maven-resolver-transport-wagon-1.9.20.jar
2025-03-13 15:41:30,310 [Worker-49: Launching Executing install in D__workspacesreenutechnologies_class_second-app] INFO  o.eclipse.m2e.core.internal.Bundles - 	Entry: D:\software\sts\sts-4.24.0.RELEASE\plugins\org.eclipse.m2e.maven.runtime_3.9.700.20240602-2313\jars\maven-resolver-util-1.9.20.jar
2025-03-13 15:41:30,310 [Worker-49: Launching Executing install in D__workspacesreenutechnologies_class_second-app] INFO  o.eclipse.m2e.core.internal.Bundles - 	Entry: D:\software\sts\sts-4.24.0.RELEASE\plugins\org.eclipse.m2e.maven.runtime_3.9.700.20240602-2313\jars\maven-settings-3.9.7.jar
2025-03-13 15:41:30,310 [Worker-49: Launching Executing install in D__workspacesreenutechnologies_class_second-app] INFO  o.eclipse.m2e.core.internal.Bundles - 	Entry: D:\software\sts\sts-4.24.0.RELEASE\plugins\org.eclipse.m2e.maven.runtime_3.9.700.20240602-2313\jars\maven-settings-builder-3.9.7.jar
2025-03-13 15:41:30,310 [Worker-49: Launching Executing install in D__workspacesreenutechnologies_class_second-app] INFO  o.eclipse.m2e.core.internal.Bundles - 	Entry: D:\software\sts\sts-4.24.0.RELEASE\plugins\org.eclipse.m2e.maven.runtime_3.9.700.20240602-2313\jars\maven-shared-utils-3.4.2.jar
2025-03-13 15:41:30,311 [Worker-49: Launching Executing install in D__workspacesreenutechnologies_class_second-app] INFO  o.eclipse.m2e.core.internal.Bundles - 	Entry: D:\software\sts\sts-4.24.0.RELEASE\plugins\org.eclipse.m2e.maven.runtime_3.9.700.20240602-2313\jars\org.eclipse.sisu.inject-0.9.0.M2.jar
2025-03-13 15:41:30,311 [Worker-49: Launching Executing install in D__workspacesreenutechnologies_class_second-app] INFO  o.eclipse.m2e.core.internal.Bundles - 	Entry: D:\software\sts\sts-4.24.0.RELEASE\plugins\org.eclipse.m2e.maven.runtime_3.9.700.20240602-2313\jars\org.eclipse.sisu.plexus-0.9.0.M2.jar
2025-03-13 15:41:30,311 [Worker-49: Launching Executing install in D__workspacesreenutechnologies_class_second-app] INFO  o.eclipse.m2e.core.internal.Bundles - 	Entry: D:\software\sts\sts-4.24.0.RELEASE\plugins\org.eclipse.m2e.maven.runtime_3.9.700.20240602-2313\jars\plexus-build-api-0.0.7.jar
2025-03-13 15:41:30,311 [Worker-49: Launching Executing install in D__workspacesreenutechnologies_class_second-app] INFO  o.eclipse.m2e.core.internal.Bundles - 	Entry: D:\software\sts\sts-4.24.0.RELEASE\plugins\org.eclipse.m2e.maven.runtime_3.9.700.20240602-2313\jars\plexus-build-api-1.2.0.jar
2025-03-13 15:41:30,311 [Worker-49: Launching Executing install in D__workspacesreenutechnologies_class_second-app] INFO  o.eclipse.m2e.core.internal.Bundles - 	Entry: D:\software\sts\sts-4.24.0.RELEASE\plugins\org.eclipse.m2e.maven.runtime_3.9.700.20240602-2313\jars\plexus-cipher-2.0.jar
2025-03-13 15:41:30,311 [Worker-49: Launching Executing install in D__workspacesreenutechnologies_class_second-app] INFO  o.eclipse.m2e.core.internal.Bundles - 	Entry: D:\software\sts\sts-4.24.0.RELEASE\plugins\org.eclipse.m2e.maven.runtime_3.9.700.20240602-2313\jars\plexus-classworlds-2.8.0.jar
2025-03-13 15:41:30,311 [Worker-49: Launching Executing install in D__workspacesreenutechnologies_class_second-app] INFO  o.eclipse.m2e.core.internal.Bundles - 	Entry: D:\software\sts\sts-4.24.0.RELEASE\plugins\org.eclipse.m2e.maven.runtime_3.9.700.20240602-2313\jars\plexus-component-annotations-2.1.0.jar
2025-03-13 15:41:30,311 [Worker-49: Launching Executing install in D__workspacesreenutechnologies_class_second-app] INFO  o.eclipse.m2e.core.internal.Bundles - 	Entry: D:\software\sts\sts-4.24.0.RELEASE\plugins\org.eclipse.m2e.maven.runtime_3.9.700.20240602-2313\jars\plexus-interpolation-1.27.jar
2025-03-13 15:41:30,311 [Worker-49: Launching Executing install in D__workspacesreenutechnologies_class_second-app] INFO  o.eclipse.m2e.core.internal.Bundles - 	Entry: D:\software\sts\sts-4.24.0.RELEASE\plugins\org.eclipse.m2e.maven.runtime_3.9.700.20240602-2313\jars\plexus-sec-dispatcher-2.0.jar
2025-03-13 15:41:30,311 [Worker-49: Launching Executing install in D__workspacesreenutechnologies_class_second-app] INFO  o.eclipse.m2e.core.internal.Bundles - 	Entry: D:\software\sts\sts-4.24.0.RELEASE\plugins\org.eclipse.m2e.maven.runtime_3.9.700.20240602-2313\jars\plexus-utils-3.5.1.jar
2025-03-13 15:41:30,311 [Worker-49: Launching Executing install in D__workspacesreenutechnologies_class_second-app] INFO  o.eclipse.m2e.core.internal.Bundles - 	Entry: D:\software\sts\sts-4.24.0.RELEASE\plugins\org.eclipse.m2e.maven.runtime_3.9.700.20240602-2313\jars\wagon-file-3.5.3.jar
2025-03-13 15:41:30,311 [Worker-49: Launching Executing install in D__workspacesreenutechnologies_class_second-app] INFO  o.eclipse.m2e.core.internal.Bundles - 	Entry: D:\software\sts\sts-4.24.0.RELEASE\plugins\org.eclipse.m2e.maven.runtime_3.9.700.20240602-2313\jars\wagon-http-3.5.3.jar
2025-03-13 15:41:30,312 [Worker-49: Launching Executing install in D__workspacesreenutechnologies_class_second-app] INFO  o.eclipse.m2e.core.internal.Bundles - 	Entry: D:\software\sts\sts-4.24.0.RELEASE\plugins\org.eclipse.m2e.maven.runtime_3.9.700.20240602-2313\jars\wagon-http-shared-3.5.3.jar
2025-03-13 15:41:30,313 [Worker-49: Launching Executing install in D__workspacesreenutechnologies_class_second-app] INFO  o.eclipse.m2e.core.internal.Bundles - 	Entry: D:\software\sts\sts-4.24.0.RELEASE\plugins\org.eclipse.m2e.maven.runtime_3.9.700.20240602-2313\jars\wagon-provider-api-3.5.3.jar
2025-03-13 15:41:30,313 [Worker-49: Launching Executing install in D__workspacesreenutechnologies_class_second-app] INFO  o.eclipse.m2e.core.internal.Bundles - getClasspathEntries(Bundle=com.google.guava_33.2.0.jre [29])
2025-03-13 15:41:30,314 [Worker-49: Launching Executing install in D__workspacesreenutechnologies_class_second-app] INFO  o.eclipse.m2e.core.internal.Bundles - 	Entry: D:\software\sts\sts-4.24.0.RELEASE\plugins\com.google.guava_33.2.0.jre.jar
2025-03-13 15:41:30,314 [Worker-49: Launching Executing install in D__workspacesreenutechnologies_class_second-app] INFO  o.eclipse.m2e.core.internal.Bundles - getClasspathEntries(Bundle=slf4j.api_2.0.13 [592])
2025-03-13 15:41:30,315 [Worker-49: Launching Executing install in D__workspacesreenutechnologies_class_second-app] INFO  o.eclipse.m2e.core.internal.Bundles - 	Entry: D:\software\sts\sts-4.24.0.RELEASE\plugins\slf4j.api_2.0.13.jar
2025-03-13 15:41:30,315 [Worker-49: Launching Executing install in D__workspacesreenutechnologies_class_second-app] INFO  o.eclipse.m2e.core.internal.Bundles - getClasspathEntries(Bundle=jakarta.inject.jakarta.inject-api_1.0.5 [44])
2025-03-13 15:41:30,316 [Worker-49: Launching Executing install in D__workspacesreenutechnologies_class_second-app] INFO  o.eclipse.m2e.core.internal.Bundles - 	Entry: D:\software\sts\sts-4.24.0.RELEASE\plugins\jakarta.inject.jakarta.inject-api_1.0.5.jar
2025-03-13 15:41:30,316 [Worker-49: Launching Executing install in D__workspacesreenutechnologies_class_second-app] INFO  o.eclipse.m2e.core.internal.Bundles - getClasspathEntries(Bundle=javax.annotation_1.3.5.v20200909-1856 [53])
2025-03-13 15:41:30,316 [Worker-49: Launching Executing install in D__workspacesreenutechnologies_class_second-app] INFO  o.eclipse.m2e.core.internal.Bundles - 	Entry: D:\software\sts\sts-4.24.0.RELEASE\plugins\javax.annotation_1.3.5.v20200909-1856.jar
2025-03-13 15:41:30,316 [Worker-49: Launching Executing install in D__workspacesreenutechnologies_class_second-app] INFO  o.eclipse.m2e.core.internal.Bundles - getClasspathEntries(Bundle=org.apache.commons.cli_1.8.0 [76])
2025-03-13 15:41:30,317 [Worker-49: Launching Executing install in D__workspacesreenutechnologies_class_second-app] INFO  o.eclipse.m2e.core.internal.Bundles - 	Entry: D:\software\sts\sts-4.24.0.RELEASE\plugins\org.apache.commons.cli_1.8.0.jar
2025-03-13 15:41:30,317 [Worker-49: Launching Executing install in D__workspacesreenutechnologies_class_second-app] INFO  o.eclipse.m2e.core.internal.Bundles - getClasspathEntries(Bundle=org.apache.commons.commons-codec_1.16.0 [78])
2025-03-13 15:41:30,317 [Worker-49: Launching Executing install in D__workspacesreenutechnologies_class_second-app] INFO  o.eclipse.m2e.core.internal.Bundles - 	Entry: D:\software\sts\sts-4.24.0.RELEASE\plugins\org.apache.commons.commons-codec_1.16.0.jar
2025-03-13 15:41:30,317 [Worker-49: Launching Executing install in D__workspacesreenutechnologies_class_second-app] INFO  o.eclipse.m2e.core.internal.Bundles - getClasspathEntries(Bundle=org.apache.commons.lang3_3.14.0 [82])
2025-03-13 15:41:30,319 [Worker-49: Launching Executing install in D__workspacesreenutechnologies_class_second-app] INFO  o.eclipse.m2e.core.internal.Bundles - 	Entry: D:\software\sts\sts-4.24.0.RELEASE\plugins\org.apache.commons.lang3_3.14.0.jar
2025-03-13 15:41:30,319 [Worker-49: Launching Executing install in D__workspacesreenutechnologies_class_second-app] INFO  o.eclipse.m2e.core.internal.Bundles - getClasspathEntries(Bundle=com.google.guava.failureaccess_1.0.2 [30])
2025-03-13 15:41:30,320 [Worker-49: Launching Executing install in D__workspacesreenutechnologies_class_second-app] INFO  o.eclipse.m2e.core.internal.Bundles - 	Entry: D:\software\sts\sts-4.24.0.RELEASE\plugins\com.google.guava.failureaccess_1.0.2.jar
2025-03-13 15:41:30,322 [Worker-49: Launching Executing install in D__workspacesreenutechnologies_class_second-app] INFO  o.e.m.i.launch.MavenLaunchDelegate - Run build in "D:\workspacesreenutechnologies\class\second-app":
2025-03-13 15:41:30,322 [Worker-49: Launching Executing install in D__workspacesreenutechnologies_class_second-app] INFO  o.e.m.i.launch.MavenLaunchDelegate -  mvn  -B -Dstyle.color=always install
2025-03-13 15:41:49,865 [Worker-49: Launching BFinal] INFO  o.e.m.c.i.l.LifecycleMappingFactory - Using org.eclipse.m2e.jdt.JarLifecycleMapping lifecycle mapping for MavenProject: com.fzktech:first-app:0.0.1-SNAPSHOT @ D:\workspacesreenutechnologies\class\first-app\pom.xml.
2025-03-13 15:41:50,109 [Worker-49: Launching BFinal] WARN  o.a.m.s.f.DefaultMavenResourcesFiltering - Using platform encoding (UTF-8 actually) to copy filtered resources, i.e. build is platform dependent!
2025-03-13 15:41:50,111 [Worker-49: Launching BFinal] INFO  o.a.m.s.f.DefaultMavenResourcesFiltering - Copying 0 resource from src\main\resources to target\classes
2025-03-13 15:41:50,117 [Worker-49: Launching BFinal] WARN  o.a.m.s.f.DefaultMavenResourcesFiltering - Using platform encoding (UTF-8 actually) to copy filtered resources, i.e. build is platform dependent!
2025-03-13 15:41:50,118 [Worker-49: Launching BFinal] INFO  o.a.m.s.f.DefaultMavenResourcesFiltering - Copying 0 resource from src\test\resources to target\test-classes
2025-03-13 15:41:50,206 [Worker-49: Launching BFinal] WARN  o.a.m.s.f.DefaultMavenResourcesFiltering - Using platform encoding (UTF-8 actually) to copy filtered resources, i.e. build is platform dependent!
2025-03-13 15:41:50,209 [Worker-49: Launching BFinal] INFO  o.a.m.s.f.DefaultMavenResourcesFiltering - Copying 0 resource from src\main\resources to target\classes
2025-03-13 15:41:50,213 [Worker-49: Launching BFinal] WARN  o.a.m.s.f.DefaultMavenResourcesFiltering - Using platform encoding (UTF-8 actually) to copy filtered resources, i.e. build is platform dependent!
2025-03-13 15:41:50,214 [Worker-49: Launching BFinal] INFO  o.a.m.s.f.DefaultMavenResourcesFiltering - Copying 0 resource from src\test\resources to target\test-classes
2025-03-13 15:42:24,444 [Worker-52: Launching BFinal] WARN  o.a.m.s.f.DefaultMavenResourcesFiltering - Using platform encoding (UTF-8 actually) to copy filtered resources, i.e. build is platform dependent!
2025-03-13 15:42:24,446 [Worker-52: Launching BFinal] INFO  o.a.m.s.f.DefaultMavenResourcesFiltering - Copying 0 resource from src\main\resources to target\classes
2025-03-13 15:42:24,450 [Worker-52: Launching BFinal] WARN  o.a.m.s.f.DefaultMavenResourcesFiltering - Using platform encoding (UTF-8 actually) to copy filtered resources, i.e. build is platform dependent!
2025-03-13 15:42:24,452 [Worker-52: Launching BFinal] INFO  o.a.m.s.f.DefaultMavenResourcesFiltering - Copying 0 resource from src\test\resources to target\test-classes
2025-03-13 15:56:34,526 [Worker-52: Launching BFinal] WARN  o.a.m.s.f.DefaultMavenResourcesFiltering - Using platform encoding (UTF-8 actually) to copy filtered resources, i.e. build is platform dependent!
2025-03-13 15:56:34,528 [Worker-52: Launching BFinal] INFO  o.a.m.s.f.DefaultMavenResourcesFiltering - Copying 0 resource from src\main\resources to target\classes
2025-03-13 15:56:34,537 [Worker-52: Launching BFinal] WARN  o.a.m.s.f.DefaultMavenResourcesFiltering - Using platform encoding (UTF-8 actually) to copy filtered resources, i.e. build is platform dependent!
2025-03-13 15:56:34,542 [Worker-52: Launching BFinal] INFO  o.a.m.s.f.DefaultMavenResourcesFiltering - Copying 0 resource from src\test\resources to target\test-classes
2025-03-13 16:01:16,778 [Worker-56: Creating project "third-app"] INFO  o.e.m.c.i.l.LifecycleMappingFactory - Using org.eclipse.m2e.jdt.JarLifecycleMapping lifecycle mapping for MavenProject: com.fzktech:third-app:0.0.1-SNAPSHOT @ D:\workspacesreenutechnologies\class\third-app\pom.xml.
2025-03-13 16:01:16,897 [Worker-56: Creating project "third-app"] INFO  o.e.m.j.i.AbstractJavaProjectConfigurator - Adding source folder /third-app/src/main/java
2025-03-13 16:01:16,898 [Worker-56: Creating project "third-app"] INFO  o.e.m.j.i.AbstractJavaProjectConfigurator - Adding resource folder /third-app/src/main/resources
2025-03-13 16:01:16,899 [Worker-56: Creating project "third-app"] INFO  o.e.m.j.i.AbstractJavaProjectConfigurator - Adding source folder /third-app/src/test/java
2025-03-13 16:01:16,900 [Worker-56: Creating project "third-app"] INFO  o.e.m.j.i.AbstractJavaProjectConfigurator - Adding resource folder /third-app/src/test/resources
2025-03-13 16:01:17,150 [Worker-54: Building] WARN  o.a.m.s.f.DefaultMavenResourcesFiltering - Using platform encoding (UTF-8 actually) to copy filtered resources, i.e. build is platform dependent!
2025-03-13 16:01:17,151 [Worker-54: Building] INFO  o.a.m.s.f.DefaultMavenResourcesFiltering - Copying 0 resource from src\main\resources to target\classes
2025-03-13 16:01:17,157 [Worker-54: Building] WARN  o.a.m.s.f.DefaultMavenResourcesFiltering - Using platform encoding (UTF-8 actually) to copy filtered resources, i.e. build is platform dependent!
2025-03-13 16:01:17,158 [Worker-54: Building] INFO  o.a.m.s.f.DefaultMavenResourcesFiltering - Copying 0 resource from src\test\resources to target\test-classes
2025-03-13 16:02:30,417 [Worker-57: Building] WARN  o.a.m.s.f.DefaultMavenResourcesFiltering - Using platform encoding (UTF-8 actually) to copy filtered resources, i.e. build is platform dependent!
2025-03-13 16:02:30,418 [Worker-57: Building] INFO  o.a.m.s.f.DefaultMavenResourcesFiltering - Copying 0 resource from src\main\resources to target\classes
2025-03-13 16:02:30,420 [Worker-57: Building] WARN  o.a.m.s.f.DefaultMavenResourcesFiltering - Using platform encoding (UTF-8 actually) to copy filtered resources, i.e. build is platform dependent!
2025-03-13 16:02:30,424 [Worker-57: Building] INFO  o.a.m.s.f.DefaultMavenResourcesFiltering - Copying 0 resource from src\test\resources to target\test-classes
2025-03-13 16:16:49,643 [Worker-66: Building] WARN  o.a.m.s.f.DefaultMavenResourcesFiltering - Using platform encoding (UTF-8 actually) to copy filtered resources, i.e. build is platform dependent!
2025-03-13 16:16:49,690 [Worker-66: Building] INFO  o.a.m.s.f.DefaultMavenResourcesFiltering - Copying 0 resource from src\main\resources to target\classes
2025-03-13 16:16:49,692 [Worker-66: Building] WARN  o.a.m.s.f.DefaultMavenResourcesFiltering - Using platform encoding (UTF-8 actually) to copy filtered resources, i.e. build is platform dependent!
2025-03-13 16:16:49,693 [Worker-66: Building] INFO  o.a.m.s.f.DefaultMavenResourcesFiltering - Copying 0 resource from src\test\resources to target\test-classes
2025-03-13 16:17:20,581 [Worker-65: Launching Executing install in D__workspacesreenutechnologies_class_third-app] INFO  o.eclipse.m2e.core.internal.Bundles - getClasspathEntries(Bundle=org.eclipse.m2e.maven.runtime_3.9.700.20240602-2313 [359])
2025-03-13 16:17:20,582 [Worker-65: Launching Executing install in D__workspacesreenutechnologies_class_third-app] INFO  o.eclipse.m2e.core.internal.Bundles - 	Entry: D:\software\sts\sts-4.24.0.RELEASE\plugins\org.eclipse.m2e.maven.runtime_3.9.700.20240602-2313
2025-03-13 16:17:20,582 [Worker-65: Launching Executing install in D__workspacesreenutechnologies_class_third-app] INFO  o.eclipse.m2e.core.internal.Bundles - 	Entry: D:\software\sts\sts-4.24.0.RELEASE\plugins\org.eclipse.m2e.maven.runtime_3.9.700.20240602-2313\jars\aopalliance-1.0.jar
2025-03-13 16:17:20,582 [Worker-65: Launching Executing install in D__workspacesreenutechnologies_class_third-app] INFO  o.eclipse.m2e.core.internal.Bundles - 	Entry: D:\software\sts\sts-4.24.0.RELEASE\plugins\org.eclipse.m2e.maven.runtime_3.9.700.20240602-2313\jars\guice-5.1.0.jar
2025-03-13 16:17:20,582 [Worker-65: Launching Executing install in D__workspacesreenutechnologies_class_third-app] INFO  o.eclipse.m2e.core.internal.Bundles - 	Entry: D:\software\sts\sts-4.24.0.RELEASE\plugins\org.eclipse.m2e.maven.runtime_3.9.700.20240602-2313\jars\httpclient-4.5.14.jar
2025-03-13 16:17:20,582 [Worker-65: Launching Executing install in D__workspacesreenutechnologies_class_third-app] INFO  o.eclipse.m2e.core.internal.Bundles - 	Entry: D:\software\sts\sts-4.24.0.RELEASE\plugins\org.eclipse.m2e.maven.runtime_3.9.700.20240602-2313\jars\httpcore-4.4.16.jar
2025-03-13 16:17:20,582 [Worker-65: Launching Executing install in D__workspacesreenutechnologies_class_third-app] INFO  o.eclipse.m2e.core.internal.Bundles - 	Entry: D:\software\sts\sts-4.24.0.RELEASE\plugins\org.eclipse.m2e.maven.runtime_3.9.700.20240602-2313\jars\jansi-2.4.1.jar
2025-03-13 16:17:20,583 [Worker-65: Launching Executing install in D__workspacesreenutechnologies_class_third-app] INFO  o.eclipse.m2e.core.internal.Bundles - 	Entry: D:\software\sts\sts-4.24.0.RELEASE\plugins\org.eclipse.m2e.maven.runtime_3.9.700.20240602-2313\jars\jcl-over-slf4j-1.7.36.jar
2025-03-13 16:17:20,583 [Worker-65: Launching Executing install in D__workspacesreenutechnologies_class_third-app] INFO  o.eclipse.m2e.core.internal.Bundles - 	Entry: D:\software\sts\sts-4.24.0.RELEASE\plugins\org.eclipse.m2e.maven.runtime_3.9.700.20240602-2313\jars\maven-artifact-3.9.7.jar
2025-03-13 16:17:20,583 [Worker-65: Launching Executing install in D__workspacesreenutechnologies_class_third-app] INFO  o.eclipse.m2e.core.internal.Bundles - 	Entry: D:\software\sts\sts-4.24.0.RELEASE\plugins\org.eclipse.m2e.maven.runtime_3.9.700.20240602-2313\jars\maven-builder-support-3.9.7.jar
2025-03-13 16:17:20,583 [Worker-65: Launching Executing install in D__workspacesreenutechnologies_class_third-app] INFO  o.eclipse.m2e.core.internal.Bundles - 	Entry: D:\software\sts\sts-4.24.0.RELEASE\plugins\org.eclipse.m2e.maven.runtime_3.9.700.20240602-2313\jars\maven-compat-3.9.7.jar
2025-03-13 16:17:20,583 [Worker-65: Launching Executing install in D__workspacesreenutechnologies_class_third-app] INFO  o.eclipse.m2e.core.internal.Bundles - 	Entry: D:\software\sts\sts-4.24.0.RELEASE\plugins\org.eclipse.m2e.maven.runtime_3.9.700.20240602-2313\jars\maven-core-3.9.7.jar
2025-03-13 16:17:20,583 [Worker-65: Launching Executing install in D__workspacesreenutechnologies_class_third-app] INFO  o.eclipse.m2e.core.internal.Bundles - 	Entry: D:\software\sts\sts-4.24.0.RELEASE\plugins\org.eclipse.m2e.maven.runtime_3.9.700.20240602-2313\jars\maven-embedder-3.9.7.jar
2025-03-13 16:17:20,584 [Worker-65: Launching Executing install in D__workspacesreenutechnologies_class_third-app] INFO  o.eclipse.m2e.core.internal.Bundles - 	Entry: D:\software\sts\sts-4.24.0.RELEASE\plugins\org.eclipse.m2e.maven.runtime_3.9.700.20240602-2313\jars\maven-model-3.9.7.jar
2025-03-13 16:17:20,584 [Worker-65: Launching Executing install in D__workspacesreenutechnologies_class_third-app] INFO  o.eclipse.m2e.core.internal.Bundles - 	Entry: D:\software\sts\sts-4.24.0.RELEASE\plugins\org.eclipse.m2e.maven.runtime_3.9.700.20240602-2313\jars\maven-model-builder-3.9.7.jar
2025-03-13 16:17:20,584 [Worker-65: Launching Executing install in D__workspacesreenutechnologies_class_third-app] INFO  o.eclipse.m2e.core.internal.Bundles - 	Entry: D:\software\sts\sts-4.24.0.RELEASE\plugins\org.eclipse.m2e.maven.runtime_3.9.700.20240602-2313\jars\maven-plugin-api-3.9.7.jar
2025-03-13 16:17:20,584 [Worker-65: Launching Executing install in D__workspacesreenutechnologies_class_third-app] INFO  o.eclipse.m2e.core.internal.Bundles - 	Entry: D:\software\sts\sts-4.24.0.RELEASE\plugins\org.eclipse.m2e.maven.runtime_3.9.700.20240602-2313\jars\maven-repository-metadata-3.9.7.jar
2025-03-13 16:17:20,585 [Worker-65: Launching Executing install in D__workspacesreenutechnologies_class_third-app] INFO  o.eclipse.m2e.core.internal.Bundles - 	Entry: D:\software\sts\sts-4.24.0.RELEASE\plugins\org.eclipse.m2e.maven.runtime_3.9.700.20240602-2313\jars\maven-resolver-api-1.9.20.jar
2025-03-13 16:17:20,585 [Worker-65: Launching Executing install in D__workspacesreenutechnologies_class_third-app] INFO  o.eclipse.m2e.core.internal.Bundles - 	Entry: D:\software\sts\sts-4.24.0.RELEASE\plugins\org.eclipse.m2e.maven.runtime_3.9.700.20240602-2313\jars\maven-resolver-connector-basic-1.9.20.jar
2025-03-13 16:17:20,585 [Worker-65: Launching Executing install in D__workspacesreenutechnologies_class_third-app] INFO  o.eclipse.m2e.core.internal.Bundles - 	Entry: D:\software\sts\sts-4.24.0.RELEASE\plugins\org.eclipse.m2e.maven.runtime_3.9.700.20240602-2313\jars\maven-resolver-impl-1.9.20.jar
2025-03-13 16:17:20,585 [Worker-65: Launching Executing install in D__workspacesreenutechnologies_class_third-app] INFO  o.eclipse.m2e.core.internal.Bundles - 	Entry: D:\software\sts\sts-4.24.0.RELEASE\plugins\org.eclipse.m2e.maven.runtime_3.9.700.20240602-2313\jars\maven-resolver-named-locks-1.9.20.jar
2025-03-13 16:17:20,585 [Worker-65: Launching Executing install in D__workspacesreenutechnologies_class_third-app] INFO  o.eclipse.m2e.core.internal.Bundles - 	Entry: D:\software\sts\sts-4.24.0.RELEASE\plugins\org.eclipse.m2e.maven.runtime_3.9.700.20240602-2313\jars\maven-resolver-provider-3.9.7.jar
2025-03-13 16:17:20,585 [Worker-65: Launching Executing install in D__workspacesreenutechnologies_class_third-app] INFO  o.eclipse.m2e.core.internal.Bundles - 	Entry: D:\software\sts\sts-4.24.0.RELEASE\plugins\org.eclipse.m2e.maven.runtime_3.9.700.20240602-2313\jars\maven-resolver-spi-1.9.20.jar
2025-03-13 16:17:20,585 [Worker-65: Launching Executing install in D__workspacesreenutechnologies_class_third-app] INFO  o.eclipse.m2e.core.internal.Bundles - 	Entry: D:\software\sts\sts-4.24.0.RELEASE\plugins\org.eclipse.m2e.maven.runtime_3.9.700.20240602-2313\jars\maven-resolver-transport-file-1.9.20.jar
2025-03-13 16:17:20,585 [Worker-65: Launching Executing install in D__workspacesreenutechnologies_class_third-app] INFO  o.eclipse.m2e.core.internal.Bundles - 	Entry: D:\software\sts\sts-4.24.0.RELEASE\plugins\org.eclipse.m2e.maven.runtime_3.9.700.20240602-2313\jars\maven-resolver-transport-http-1.9.20.jar
2025-03-13 16:17:20,586 [Worker-65: Launching Executing install in D__workspacesreenutechnologies_class_third-app] INFO  o.eclipse.m2e.core.internal.Bundles - 	Entry: D:\software\sts\sts-4.24.0.RELEASE\plugins\org.eclipse.m2e.maven.runtime_3.9.700.20240602-2313\jars\maven-resolver-transport-wagon-1.9.20.jar
2025-03-13 16:17:20,586 [Worker-65: Launching Executing install in D__workspacesreenutechnologies_class_third-app] INFO  o.eclipse.m2e.core.internal.Bundles - 	Entry: D:\software\sts\sts-4.24.0.RELEASE\plugins\org.eclipse.m2e.maven.runtime_3.9.700.20240602-2313\jars\maven-resolver-util-1.9.20.jar
2025-03-13 16:17:20,586 [Worker-65: Launching Executing install in D__workspacesreenutechnologies_class_third-app] INFO  o.eclipse.m2e.core.internal.Bundles - 	Entry: D:\software\sts\sts-4.24.0.RELEASE\plugins\org.eclipse.m2e.maven.runtime_3.9.700.20240602-2313\jars\maven-settings-3.9.7.jar
2025-03-13 16:17:20,587 [Worker-65: Launching Executing install in D__workspacesreenutechnologies_class_third-app] INFO  o.eclipse.m2e.core.internal.Bundles - 	Entry: D:\software\sts\sts-4.24.0.RELEASE\plugins\org.eclipse.m2e.maven.runtime_3.9.700.20240602-2313\jars\maven-settings-builder-3.9.7.jar
2025-03-13 16:17:20,587 [Worker-65: Launching Executing install in D__workspacesreenutechnologies_class_third-app] INFO  o.eclipse.m2e.core.internal.Bundles - 	Entry: D:\software\sts\sts-4.24.0.RELEASE\plugins\org.eclipse.m2e.maven.runtime_3.9.700.20240602-2313\jars\maven-shared-utils-3.4.2.jar
2025-03-13 16:17:20,587 [Worker-65: Launching Executing install in D__workspacesreenutechnologies_class_third-app] INFO  o.eclipse.m2e.core.internal.Bundles - 	Entry: D:\software\sts\sts-4.24.0.RELEASE\plugins\org.eclipse.m2e.maven.runtime_3.9.700.20240602-2313\jars\org.eclipse.sisu.inject-0.9.0.M2.jar
2025-03-13 16:17:20,587 [Worker-65: Launching Executing install in D__workspacesreenutechnologies_class_third-app] INFO  o.eclipse.m2e.core.internal.Bundles - 	Entry: D:\software\sts\sts-4.24.0.RELEASE\plugins\org.eclipse.m2e.maven.runtime_3.9.700.20240602-2313\jars\org.eclipse.sisu.plexus-0.9.0.M2.jar
2025-03-13 16:17:20,587 [Worker-65: Launching Executing install in D__workspacesreenutechnologies_class_third-app] INFO  o.eclipse.m2e.core.internal.Bundles - 	Entry: D:\software\sts\sts-4.24.0.RELEASE\plugins\org.eclipse.m2e.maven.runtime_3.9.700.20240602-2313\jars\plexus-build-api-0.0.7.jar
2025-03-13 16:17:20,587 [Worker-65: Launching Executing install in D__workspacesreenutechnologies_class_third-app] INFO  o.eclipse.m2e.core.internal.Bundles - 	Entry: D:\software\sts\sts-4.24.0.RELEASE\plugins\org.eclipse.m2e.maven.runtime_3.9.700.20240602-2313\jars\plexus-build-api-1.2.0.jar
2025-03-13 16:17:20,587 [Worker-65: Launching Executing install in D__workspacesreenutechnologies_class_third-app] INFO  o.eclipse.m2e.core.internal.Bundles - 	Entry: D:\software\sts\sts-4.24.0.RELEASE\plugins\org.eclipse.m2e.maven.runtime_3.9.700.20240602-2313\jars\plexus-cipher-2.0.jar
2025-03-13 16:17:20,587 [Worker-65: Launching Executing install in D__workspacesreenutechnologies_class_third-app] INFO  o.eclipse.m2e.core.internal.Bundles - 	Entry: D:\software\sts\sts-4.24.0.RELEASE\plugins\org.eclipse.m2e.maven.runtime_3.9.700.20240602-2313\jars\plexus-classworlds-2.8.0.jar
2025-03-13 16:17:20,587 [Worker-65: Launching Executing install in D__workspacesreenutechnologies_class_third-app] INFO  o.eclipse.m2e.core.internal.Bundles - 	Entry: D:\software\sts\sts-4.24.0.RELEASE\plugins\org.eclipse.m2e.maven.runtime_3.9.700.20240602-2313\jars\plexus-component-annotations-2.1.0.jar
2025-03-13 16:17:20,587 [Worker-65: Launching Executing install in D__workspacesreenutechnologies_class_third-app] INFO  o.eclipse.m2e.core.internal.Bundles - 	Entry: D:\software\sts\sts-4.24.0.RELEASE\plugins\org.eclipse.m2e.maven.runtime_3.9.700.20240602-2313\jars\plexus-interpolation-1.27.jar
2025-03-13 16:17:20,587 [Worker-65: Launching Executing install in D__workspacesreenutechnologies_class_third-app] INFO  o.eclipse.m2e.core.internal.Bundles - 	Entry: D:\software\sts\sts-4.24.0.RELEASE\plugins\org.eclipse.m2e.maven.runtime_3.9.700.20240602-2313\jars\plexus-sec-dispatcher-2.0.jar
2025-03-13 16:17:20,587 [Worker-65: Launching Executing install in D__workspacesreenutechnologies_class_third-app] INFO  o.eclipse.m2e.core.internal.Bundles - 	Entry: D:\software\sts\sts-4.24.0.RELEASE\plugins\org.eclipse.m2e.maven.runtime_3.9.700.20240602-2313\jars\plexus-utils-3.5.1.jar
2025-03-13 16:17:20,587 [Worker-65: Launching Executing install in D__workspacesreenutechnologies_class_third-app] INFO  o.eclipse.m2e.core.internal.Bundles - 	Entry: D:\software\sts\sts-4.24.0.RELEASE\plugins\org.eclipse.m2e.maven.runtime_3.9.700.20240602-2313\jars\wagon-file-3.5.3.jar
2025-03-13 16:17:20,588 [Worker-65: Launching Executing install in D__workspacesreenutechnologies_class_third-app] INFO  o.eclipse.m2e.core.internal.Bundles - 	Entry: D:\software\sts\sts-4.24.0.RELEASE\plugins\org.eclipse.m2e.maven.runtime_3.9.700.20240602-2313\jars\wagon-http-3.5.3.jar
2025-03-13 16:17:20,588 [Worker-65: Launching Executing install in D__workspacesreenutechnologies_class_third-app] INFO  o.eclipse.m2e.core.internal.Bundles - 	Entry: D:\software\sts\sts-4.24.0.RELEASE\plugins\org.eclipse.m2e.maven.runtime_3.9.700.20240602-2313\jars\wagon-http-shared-3.5.3.jar
2025-03-13 16:17:20,588 [Worker-65: Launching Executing install in D__workspacesreenutechnologies_class_third-app] INFO  o.eclipse.m2e.core.internal.Bundles - 	Entry: D:\software\sts\sts-4.24.0.RELEASE\plugins\org.eclipse.m2e.maven.runtime_3.9.700.20240602-2313\jars\wagon-provider-api-3.5.3.jar
2025-03-13 16:17:20,589 [Worker-65: Launching Executing install in D__workspacesreenutechnologies_class_third-app] INFO  o.eclipse.m2e.core.internal.Bundles - getClasspathEntries(Bundle=com.google.guava_33.2.0.jre [29])
2025-03-13 16:17:20,590 [Worker-65: Launching Executing install in D__workspacesreenutechnologies_class_third-app] INFO  o.eclipse.m2e.core.internal.Bundles - 	Entry: D:\software\sts\sts-4.24.0.RELEASE\plugins\com.google.guava_33.2.0.jre.jar
2025-03-13 16:17:20,590 [Worker-65: Launching Executing install in D__workspacesreenutechnologies_class_third-app] INFO  o.eclipse.m2e.core.internal.Bundles - getClasspathEntries(Bundle=slf4j.api_2.0.13 [592])
2025-03-13 16:17:20,592 [Worker-65: Launching Executing install in D__workspacesreenutechnologies_class_third-app] INFO  o.eclipse.m2e.core.internal.Bundles - 	Entry: D:\software\sts\sts-4.24.0.RELEASE\plugins\slf4j.api_2.0.13.jar
2025-03-13 16:17:20,592 [Worker-65: Launching Executing install in D__workspacesreenutechnologies_class_third-app] INFO  o.eclipse.m2e.core.internal.Bundles - getClasspathEntries(Bundle=jakarta.inject.jakarta.inject-api_1.0.5 [44])
2025-03-13 16:17:20,592 [Worker-65: Launching Executing install in D__workspacesreenutechnologies_class_third-app] INFO  o.eclipse.m2e.core.internal.Bundles - 	Entry: D:\software\sts\sts-4.24.0.RELEASE\plugins\jakarta.inject.jakarta.inject-api_1.0.5.jar
2025-03-13 16:17:20,592 [Worker-65: Launching Executing install in D__workspacesreenutechnologies_class_third-app] INFO  o.eclipse.m2e.core.internal.Bundles - getClasspathEntries(Bundle=javax.annotation_1.3.5.v20200909-1856 [53])
2025-03-13 16:17:20,595 [Worker-65: Launching Executing install in D__workspacesreenutechnologies_class_third-app] INFO  o.eclipse.m2e.core.internal.Bundles - 	Entry: D:\software\sts\sts-4.24.0.RELEASE\plugins\javax.annotation_1.3.5.v20200909-1856.jar
2025-03-13 16:17:20,596 [Worker-65: Launching Executing install in D__workspacesreenutechnologies_class_third-app] INFO  o.eclipse.m2e.core.internal.Bundles - getClasspathEntries(Bundle=org.apache.commons.cli_1.8.0 [76])
2025-03-13 16:17:20,597 [Worker-65: Launching Executing install in D__workspacesreenutechnologies_class_third-app] INFO  o.eclipse.m2e.core.internal.Bundles - 	Entry: D:\software\sts\sts-4.24.0.RELEASE\plugins\org.apache.commons.cli_1.8.0.jar
2025-03-13 16:17:20,597 [Worker-65: Launching Executing install in D__workspacesreenutechnologies_class_third-app] INFO  o.eclipse.m2e.core.internal.Bundles - getClasspathEntries(Bundle=org.apache.commons.commons-codec_1.16.0 [78])
2025-03-13 16:17:20,598 [Worker-65: Launching Executing install in D__workspacesreenutechnologies_class_third-app] INFO  o.eclipse.m2e.core.internal.Bundles - 	Entry: D:\software\sts\sts-4.24.0.RELEASE\plugins\org.apache.commons.commons-codec_1.16.0.jar
2025-03-13 16:17:20,598 [Worker-65: Launching Executing install in D__workspacesreenutechnologies_class_third-app] INFO  o.eclipse.m2e.core.internal.Bundles - getClasspathEntries(Bundle=org.apache.commons.lang3_3.14.0 [82])
2025-03-13 16:17:20,599 [Worker-65: Launching Executing install in D__workspacesreenutechnologies_class_third-app] INFO  o.eclipse.m2e.core.internal.Bundles - 	Entry: D:\software\sts\sts-4.24.0.RELEASE\plugins\org.apache.commons.lang3_3.14.0.jar
2025-03-13 16:17:20,600 [Worker-65: Launching Executing install in D__workspacesreenutechnologies_class_third-app] INFO  o.eclipse.m2e.core.internal.Bundles - getClasspathEntries(Bundle=com.google.guava.failureaccess_1.0.2 [30])
2025-03-13 16:17:20,601 [Worker-65: Launching Executing install in D__workspacesreenutechnologies_class_third-app] INFO  o.eclipse.m2e.core.internal.Bundles - 	Entry: D:\software\sts\sts-4.24.0.RELEASE\plugins\com.google.guava.failureaccess_1.0.2.jar
2025-03-13 16:17:20,602 [Worker-65: Launching Executing install in D__workspacesreenutechnologies_class_third-app] INFO  o.e.m.i.launch.MavenLaunchDelegate - Run build in "D:\workspacesreenutechnologies\class\third-app":
2025-03-13 16:17:20,602 [Worker-65: Launching Executing install in D__workspacesreenutechnologies_class_third-app] INFO  o.e.m.i.launch.MavenLaunchDelegate -  mvn  -B -Dstyle.color=always install
2025-03-13 16:17:33,196 [Worker-67: Building] WARN  o.a.m.s.f.DefaultMavenResourcesFiltering - Using platform encoding (UTF-8 actually) to copy filtered resources, i.e. build is platform dependent!
2025-03-13 16:17:33,198 [Worker-67: Building] INFO  o.a.m.s.f.DefaultMavenResourcesFiltering - Copying 0 resource from src\main\resources to target\classes
2025-03-13 16:17:33,202 [Worker-67: Building] WARN  o.a.m.s.f.DefaultMavenResourcesFiltering - Using platform encoding (UTF-8 actually) to copy filtered resources, i.e. build is platform dependent!
2025-03-13 16:17:33,203 [Worker-67: Building] INFO  o.a.m.s.f.DefaultMavenResourcesFiltering - Copying 0 resource from src\test\resources to target\test-classes
2025-03-13 16:20:13,747 [Worker-67: Building] INFO  o.e.m.c.i.l.LifecycleMappingFactory - Using org.eclipse.m2e.jdt.JarLifecycleMapping lifecycle mapping for MavenProject: com.fzk.b:second-app:1.0.0-SNAPSHOT @ D:\workspacesreenutechnologies\class\second-app\pom.xml.
2025-03-13 16:20:13,884 [Worker-67: Building] INFO  o.e.m.c.i.p.WorkspaceClassifierResolverManager - Resolving P/third-app: com.fzktech:third-app:0.0.1-SNAPSHOT with classifier  to /third-app/target/classes
2025-03-13 16:20:14,029 [Worker-67: Building] WARN  o.a.m.s.f.DefaultMavenResourcesFiltering - Using platform encoding (UTF-8 actually) to copy filtered resources, i.e. build is platform dependent!
2025-03-13 16:20:14,031 [Worker-67: Building] INFO  o.a.m.s.f.DefaultMavenResourcesFiltering - Copying 0 resource from src\main\resources to target\classes
2025-03-13 16:20:14,034 [Worker-67: Building] WARN  o.a.m.s.f.DefaultMavenResourcesFiltering - Using platform encoding (UTF-8 actually) to copy filtered resources, i.e. build is platform dependent!
2025-03-13 16:20:14,038 [Worker-67: Building] INFO  o.a.m.s.f.DefaultMavenResourcesFiltering - Copying 0 resource from src\test\resources to target\test-classes
2025-03-13 16:20:16,010 [Worker-65: Building] WARN  o.a.m.s.f.DefaultMavenResourcesFiltering - Using platform encoding (UTF-8 actually) to copy filtered resources, i.e. build is platform dependent!
2025-03-13 16:20:16,011 [Worker-65: Building] INFO  o.a.m.s.f.DefaultMavenResourcesFiltering - Copying 0 resource from src\main\resources to target\classes
2025-03-13 16:20:16,013 [Worker-65: Building] WARN  o.a.m.s.f.DefaultMavenResourcesFiltering - Using platform encoding (UTF-8 actually) to copy filtered resources, i.e. build is platform dependent!
2025-03-13 16:20:16,014 [Worker-65: Building] INFO  o.a.m.s.f.DefaultMavenResourcesFiltering - Copying 0 resource from src\test\resources to target\test-classes
2025-03-13 16:20:41,898 [Worker-64: Launching BFinal] WARN  o.a.m.s.f.DefaultMavenResourcesFiltering - Using platform encoding (UTF-8 actually) to copy filtered resources, i.e. build is platform dependent!
2025-03-13 16:20:41,899 [Worker-64: Launching BFinal] INFO  o.a.m.s.f.DefaultMavenResourcesFiltering - Copying 0 resource from src\main\resources to target\classes
2025-03-13 16:20:41,913 [Worker-64: Launching BFinal] WARN  o.a.m.s.f.DefaultMavenResourcesFiltering - Using platform encoding (UTF-8 actually) to copy filtered resources, i.e. build is platform dependent!
2025-03-13 16:20:41,915 [Worker-64: Launching BFinal] INFO  o.a.m.s.f.DefaultMavenResourcesFiltering - Copying 0 resource from src\test\resources to target\test-classes
2025-03-13 16:20:41,972 [Worker-64: Launching BFinal] INFO  o.e.m.c.i.p.WorkspaceClassifierResolverManager - Resolving P/third-app: com.fzktech:third-app:0.0.1-SNAPSHOT with classifier null to /third-app/target/classes
2025-03-13 16:20:41,981 [Worker-64: Launching BFinal] INFO  o.e.m.c.i.p.WorkspaceClassifierResolverManager - Resolving P/third-app: com.fzktech:third-app:0.0.1-SNAPSHOT with classifier null to /third-app/target/classes
2025-03-13 16:20:41,990 [Worker-64: Launching BFinal] INFO  o.e.m.c.i.p.WorkspaceClassifierResolverManager - Resolving P/third-app: com.fzktech:third-app:0.0.1-SNAPSHOT with classifier null to /third-app/target/classes
2025-03-13 16:21:11,773 [Worker-67: Launching BFinal] INFO  o.e.m.c.i.p.WorkspaceClassifierResolverManager - Resolving P/third-app: com.fzktech:third-app:0.0.1-SNAPSHOT with classifier null to /third-app/target/classes
2025-03-13 16:21:11,781 [Worker-67: Launching BFinal] INFO  o.e.m.c.i.p.WorkspaceClassifierResolverManager - Resolving P/third-app: com.fzktech:third-app:0.0.1-SNAPSHOT with classifier null to /third-app/target/classes
2025-03-13 16:21:11,790 [Worker-67: Launching BFinal] INFO  o.e.m.c.i.p.WorkspaceClassifierResolverManager - Resolving P/third-app: com.fzktech:third-app:0.0.1-SNAPSHOT with classifier null to /third-app/target/classes
2025-03-13 16:23:08,385 [Worker-68: Launching BFinal] WARN  o.a.m.s.f.DefaultMavenResourcesFiltering - Using platform encoding (UTF-8 actually) to copy filtered resources, i.e. build is platform dependent!
2025-03-13 16:23:08,386 [Worker-68: Launching BFinal] INFO  o.a.m.s.f.DefaultMavenResourcesFiltering - Copying 0 resource from src\main\resources to target\classes
2025-03-13 16:23:08,389 [Worker-68: Launching BFinal] WARN  o.a.m.s.f.DefaultMavenResourcesFiltering - Using platform encoding (UTF-8 actually) to copy filtered resources, i.e. build is platform dependent!
2025-03-13 16:23:08,390 [Worker-68: Launching BFinal] INFO  o.a.m.s.f.DefaultMavenResourcesFiltering - Copying 0 resource from src\test\resources to target\test-classes
2025-03-13 16:23:08,438 [Worker-68: Launching BFinal] INFO  o.e.m.c.i.p.WorkspaceClassifierResolverManager - Resolving P/third-app: com.fzktech:third-app:0.0.1-SNAPSHOT with classifier null to /third-app/target/classes
2025-03-13 16:23:08,448 [Worker-68: Launching BFinal] INFO  o.e.m.c.i.p.WorkspaceClassifierResolverManager - Resolving P/third-app: com.fzktech:third-app:0.0.1-SNAPSHOT with classifier null to /third-app/target/classes
2025-03-13 16:23:08,459 [Worker-68: Launching BFinal] INFO  o.e.m.c.i.p.WorkspaceClassifierResolverManager - Resolving P/third-app: com.fzktech:third-app:0.0.1-SNAPSHOT with classifier null to /third-app/target/classes
2025-03-13 16:36:16,449 [Worker-71: Launching Executing install in D__workspacesreenutechnologies_class_third-app] INFO  o.eclipse.m2e.core.internal.Bundles - getClasspathEntries(Bundle=org.eclipse.m2e.maven.runtime_3.9.700.20240602-2313 [359])
2025-03-13 16:36:16,450 [Worker-71: Launching Executing install in D__workspacesreenutechnologies_class_third-app] INFO  o.eclipse.m2e.core.internal.Bundles - 	Entry: D:\software\sts\sts-4.24.0.RELEASE\plugins\org.eclipse.m2e.maven.runtime_3.9.700.20240602-2313
2025-03-13 16:36:16,450 [Worker-71: Launching Executing install in D__workspacesreenutechnologies_class_third-app] INFO  o.eclipse.m2e.core.internal.Bundles - 	Entry: D:\software\sts\sts-4.24.0.RELEASE\plugins\org.eclipse.m2e.maven.runtime_3.9.700.20240602-2313\jars\aopalliance-1.0.jar
2025-03-13 16:36:16,450 [Worker-71: Launching Executing install in D__workspacesreenutechnologies_class_third-app] INFO  o.eclipse.m2e.core.internal.Bundles - 	Entry: D:\software\sts\sts-4.24.0.RELEASE\plugins\org.eclipse.m2e.maven.runtime_3.9.700.20240602-2313\jars\guice-5.1.0.jar
2025-03-13 16:36:16,450 [Worker-71: Launching Executing install in D__workspacesreenutechnologies_class_third-app] INFO  o.eclipse.m2e.core.internal.Bundles - 	Entry: D:\software\sts\sts-4.24.0.RELEASE\plugins\org.eclipse.m2e.maven.runtime_3.9.700.20240602-2313\jars\httpclient-4.5.14.jar
2025-03-13 16:36:16,450 [Worker-71: Launching Executing install in D__workspacesreenutechnologies_class_third-app] INFO  o.eclipse.m2e.core.internal.Bundles - 	Entry: D:\software\sts\sts-4.24.0.RELEASE\plugins\org.eclipse.m2e.maven.runtime_3.9.700.20240602-2313\jars\httpcore-4.4.16.jar
2025-03-13 16:36:16,451 [Worker-71: Launching Executing install in D__workspacesreenutechnologies_class_third-app] INFO  o.eclipse.m2e.core.internal.Bundles - 	Entry: D:\software\sts\sts-4.24.0.RELEASE\plugins\org.eclipse.m2e.maven.runtime_3.9.700.20240602-2313\jars\jansi-2.4.1.jar
2025-03-13 16:36:16,451 [Worker-71: Launching Executing install in D__workspacesreenutechnologies_class_third-app] INFO  o.eclipse.m2e.core.internal.Bundles - 	Entry: D:\software\sts\sts-4.24.0.RELEASE\plugins\org.eclipse.m2e.maven.runtime_3.9.700.20240602-2313\jars\jcl-over-slf4j-1.7.36.jar
2025-03-13 16:36:16,451 [Worker-71: Launching Executing install in D__workspacesreenutechnologies_class_third-app] INFO  o.eclipse.m2e.core.internal.Bundles - 	Entry: D:\software\sts\sts-4.24.0.RELEASE\plugins\org.eclipse.m2e.maven.runtime_3.9.700.20240602-2313\jars\maven-artifact-3.9.7.jar
2025-03-13 16:36:16,451 [Worker-71: Launching Executing install in D__workspacesreenutechnologies_class_third-app] INFO  o.eclipse.m2e.core.internal.Bundles - 	Entry: D:\software\sts\sts-4.24.0.RELEASE\plugins\org.eclipse.m2e.maven.runtime_3.9.700.20240602-2313\jars\maven-builder-support-3.9.7.jar
2025-03-13 16:36:16,451 [Worker-71: Launching Executing install in D__workspacesreenutechnologies_class_third-app] INFO  o.eclipse.m2e.core.internal.Bundles - 	Entry: D:\software\sts\sts-4.24.0.RELEASE\plugins\org.eclipse.m2e.maven.runtime_3.9.700.20240602-2313\jars\maven-compat-3.9.7.jar
2025-03-13 16:36:16,451 [Worker-71: Launching Executing install in D__workspacesreenutechnologies_class_third-app] INFO  o.eclipse.m2e.core.internal.Bundles - 	Entry: D:\software\sts\sts-4.24.0.RELEASE\plugins\org.eclipse.m2e.maven.runtime_3.9.700.20240602-2313\jars\maven-core-3.9.7.jar
2025-03-13 16:36:16,451 [Worker-71: Launching Executing install in D__workspacesreenutechnologies_class_third-app] INFO  o.eclipse.m2e.core.internal.Bundles - 	Entry: D:\software\sts\sts-4.24.0.RELEASE\plugins\org.eclipse.m2e.maven.runtime_3.9.700.20240602-2313\jars\maven-embedder-3.9.7.jar
2025-03-13 16:36:16,451 [Worker-71: Launching Executing install in D__workspacesreenutechnologies_class_third-app] INFO  o.eclipse.m2e.core.internal.Bundles - 	Entry: D:\software\sts\sts-4.24.0.RELEASE\plugins\org.eclipse.m2e.maven.runtime_3.9.700.20240602-2313\jars\maven-model-3.9.7.jar
2025-03-13 16:36:16,451 [Worker-71: Launching Executing install in D__workspacesreenutechnologies_class_third-app] INFO  o.eclipse.m2e.core.internal.Bundles - 	Entry: D:\software\sts\sts-4.24.0.RELEASE\plugins\org.eclipse.m2e.maven.runtime_3.9.700.20240602-2313\jars\maven-model-builder-3.9.7.jar
2025-03-13 16:36:16,451 [Worker-71: Launching Executing install in D__workspacesreenutechnologies_class_third-app] INFO  o.eclipse.m2e.core.internal.Bundles - 	Entry: D:\software\sts\sts-4.24.0.RELEASE\plugins\org.eclipse.m2e.maven.runtime_3.9.700.20240602-2313\jars\maven-plugin-api-3.9.7.jar
2025-03-13 16:36:16,451 [Worker-71: Launching Executing install in D__workspacesreenutechnologies_class_third-app] INFO  o.eclipse.m2e.core.internal.Bundles - 	Entry: D:\software\sts\sts-4.24.0.RELEASE\plugins\org.eclipse.m2e.maven.runtime_3.9.700.20240602-2313\jars\maven-repository-metadata-3.9.7.jar
2025-03-13 16:36:16,451 [Worker-71: Launching Executing install in D__workspacesreenutechnologies_class_third-app] INFO  o.eclipse.m2e.core.internal.Bundles - 	Entry: D:\software\sts\sts-4.24.0.RELEASE\plugins\org.eclipse.m2e.maven.runtime_3.9.700.20240602-2313\jars\maven-resolver-api-1.9.20.jar
2025-03-13 16:36:16,451 [Worker-71: Launching Executing install in D__workspacesreenutechnologies_class_third-app] INFO  o.eclipse.m2e.core.internal.Bundles - 	Entry: D:\software\sts\sts-4.24.0.RELEASE\plugins\org.eclipse.m2e.maven.runtime_3.9.700.20240602-2313\jars\maven-resolver-connector-basic-1.9.20.jar
2025-03-13 16:36:16,451 [Worker-71: Launching Executing install in D__workspacesreenutechnologies_class_third-app] INFO  o.eclipse.m2e.core.internal.Bundles - 	Entry: D:\software\sts\sts-4.24.0.RELEASE\plugins\org.eclipse.m2e.maven.runtime_3.9.700.20240602-2313\jars\maven-resolver-impl-1.9.20.jar
2025-03-13 16:36:16,452 [Worker-71: Launching Executing install in D__workspacesreenutechnologies_class_third-app] INFO  o.eclipse.m2e.core.internal.Bundles - 	Entry: D:\software\sts\sts-4.24.0.RELEASE\plugins\org.eclipse.m2e.maven.runtime_3.9.700.20240602-2313\jars\maven-resolver-named-locks-1.9.20.jar
2025-03-13 16:36:16,452 [Worker-71: Launching Executing install in D__workspacesreenutechnologies_class_third-app] INFO  o.eclipse.m2e.core.internal.Bundles - 	Entry: D:\software\sts\sts-4.24.0.RELEASE\plugins\org.eclipse.m2e.maven.runtime_3.9.700.20240602-2313\jars\maven-resolver-provider-3.9.7.jar
2025-03-13 16:36:16,452 [Worker-71: Launching Executing install in D__workspacesreenutechnologies_class_third-app] INFO  o.eclipse.m2e.core.internal.Bundles - 	Entry: D:\software\sts\sts-4.24.0.RELEASE\plugins\org.eclipse.m2e.maven.runtime_3.9.700.20240602-2313\jars\maven-resolver-spi-1.9.20.jar
2025-03-13 16:36:16,452 [Worker-71: Launching Executing install in D__workspacesreenutechnologies_class_third-app] INFO  o.eclipse.m2e.core.internal.Bundles - 	Entry: D:\software\sts\sts-4.24.0.RELEASE\plugins\org.eclipse.m2e.maven.runtime_3.9.700.20240602-2313\jars\maven-resolver-transport-file-1.9.20.jar
2025-03-13 16:36:16,452 [Worker-71: Launching Executing install in D__workspacesreenutechnologies_class_third-app] INFO  o.eclipse.m2e.core.internal.Bundles - 	Entry: D:\software\sts\sts-4.24.0.RELEASE\plugins\org.eclipse.m2e.maven.runtime_3.9.700.20240602-2313\jars\maven-resolver-transport-http-1.9.20.jar
2025-03-13 16:36:16,452 [Worker-71: Launching Executing install in D__workspacesreenutechnologies_class_third-app] INFO  o.eclipse.m2e.core.internal.Bundles - 	Entry: D:\software\sts\sts-4.24.0.RELEASE\plugins\org.eclipse.m2e.maven.runtime_3.9.700.20240602-2313\jars\maven-resolver-transport-wagon-1.9.20.jar
2025-03-13 16:36:16,452 [Worker-71: Launching Executing install in D__workspacesreenutechnologies_class_third-app] INFO  o.eclipse.m2e.core.internal.Bundles - 	Entry: D:\software\sts\sts-4.24.0.RELEASE\plugins\org.eclipse.m2e.maven.runtime_3.9.700.20240602-2313\jars\maven-resolver-util-1.9.20.jar
2025-03-13 16:36:16,452 [Worker-71: Launching Executing install in D__workspacesreenutechnologies_class_third-app] INFO  o.eclipse.m2e.core.internal.Bundles - 	Entry: D:\software\sts\sts-4.24.0.RELEASE\plugins\org.eclipse.m2e.maven.runtime_3.9.700.20240602-2313\jars\maven-settings-3.9.7.jar
2025-03-13 16:36:16,452 [Worker-71: Launching Executing install in D__workspacesreenutechnologies_class_third-app] INFO  o.eclipse.m2e.core.internal.Bundles - 	Entry: D:\software\sts\sts-4.24.0.RELEASE\plugins\org.eclipse.m2e.maven.runtime_3.9.700.20240602-2313\jars\maven-settings-builder-3.9.7.jar
2025-03-13 16:36:16,452 [Worker-71: Launching Executing install in D__workspacesreenutechnologies_class_third-app] INFO  o.eclipse.m2e.core.internal.Bundles - 	Entry: D:\software\sts\sts-4.24.0.RELEASE\plugins\org.eclipse.m2e.maven.runtime_3.9.700.20240602-2313\jars\maven-shared-utils-3.4.2.jar
2025-03-13 16:36:16,452 [Worker-71: Launching Executing install in D__workspacesreenutechnologies_class_third-app] INFO  o.eclipse.m2e.core.internal.Bundles - 	Entry: D:\software\sts\sts-4.24.0.RELEASE\plugins\org.eclipse.m2e.maven.runtime_3.9.700.20240602-2313\jars\org.eclipse.sisu.inject-0.9.0.M2.jar
2025-03-13 16:36:16,452 [Worker-71: Launching Executing install in D__workspacesreenutechnologies_class_third-app] INFO  o.eclipse.m2e.core.internal.Bundles - 	Entry: D:\software\sts\sts-4.24.0.RELEASE\plugins\org.eclipse.m2e.maven.runtime_3.9.700.20240602-2313\jars\org.eclipse.sisu.plexus-0.9.0.M2.jar
2025-03-13 16:36:16,453 [Worker-71: Launching Executing install in D__workspacesreenutechnologies_class_third-app] INFO  o.eclipse.m2e.core.internal.Bundles - 	Entry: D:\software\sts\sts-4.24.0.RELEASE\plugins\org.eclipse.m2e.maven.runtime_3.9.700.20240602-2313\jars\plexus-build-api-0.0.7.jar
2025-03-13 16:36:16,453 [Worker-71: Launching Executing install in D__workspacesreenutechnologies_class_third-app] INFO  o.eclipse.m2e.core.internal.Bundles - 	Entry: D:\software\sts\sts-4.24.0.RELEASE\plugins\org.eclipse.m2e.maven.runtime_3.9.700.20240602-2313\jars\plexus-build-api-1.2.0.jar
2025-03-13 16:36:16,453 [Worker-71: Launching Executing install in D__workspacesreenutechnologies_class_third-app] INFO  o.eclipse.m2e.core.internal.Bundles - 	Entry: D:\software\sts\sts-4.24.0.RELEASE\plugins\org.eclipse.m2e.maven.runtime_3.9.700.20240602-2313\jars\plexus-cipher-2.0.jar
2025-03-13 16:36:16,453 [Worker-71: Launching Executing install in D__workspacesreenutechnologies_class_third-app] INFO  o.eclipse.m2e.core.internal.Bundles - 	Entry: D:\software\sts\sts-4.24.0.RELEASE\plugins\org.eclipse.m2e.maven.runtime_3.9.700.20240602-2313\jars\plexus-classworlds-2.8.0.jar
2025-03-13 16:36:16,453 [Worker-71: Launching Executing install in D__workspacesreenutechnologies_class_third-app] INFO  o.eclipse.m2e.core.internal.Bundles - 	Entry: D:\software\sts\sts-4.24.0.RELEASE\plugins\org.eclipse.m2e.maven.runtime_3.9.700.20240602-2313\jars\plexus-component-annotations-2.1.0.jar
2025-03-13 16:36:16,453 [Worker-71: Launching Executing install in D__workspacesreenutechnologies_class_third-app] INFO  o.eclipse.m2e.core.internal.Bundles - 	Entry: D:\software\sts\sts-4.24.0.RELEASE\plugins\org.eclipse.m2e.maven.runtime_3.9.700.20240602-2313\jars\plexus-interpolation-1.27.jar
2025-03-13 16:36:16,453 [Worker-71: Launching Executing install in D__workspacesreenutechnologies_class_third-app] INFO  o.eclipse.m2e.core.internal.Bundles - 	Entry: D:\software\sts\sts-4.24.0.RELEASE\plugins\org.eclipse.m2e.maven.runtime_3.9.700.20240602-2313\jars\plexus-sec-dispatcher-2.0.jar
2025-03-13 16:36:16,453 [Worker-71: Launching Executing install in D__workspacesreenutechnologies_class_third-app] INFO  o.eclipse.m2e.core.internal.Bundles - 	Entry: D:\software\sts\sts-4.24.0.RELEASE\plugins\org.eclipse.m2e.maven.runtime_3.9.700.20240602-2313\jars\plexus-utils-3.5.1.jar
2025-03-13 16:36:16,453 [Worker-71: Launching Executing install in D__workspacesreenutechnologies_class_third-app] INFO  o.eclipse.m2e.core.internal.Bundles - 	Entry: D:\software\sts\sts-4.24.0.RELEASE\plugins\org.eclipse.m2e.maven.runtime_3.9.700.20240602-2313\jars\wagon-file-3.5.3.jar
2025-03-13 16:36:16,453 [Worker-71: Launching Executing install in D__workspacesreenutechnologies_class_third-app] INFO  o.eclipse.m2e.core.internal.Bundles - 	Entry: D:\software\sts\sts-4.24.0.RELEASE\plugins\org.eclipse.m2e.maven.runtime_3.9.700.20240602-2313\jars\wagon-http-3.5.3.jar
2025-03-13 16:36:16,453 [Worker-71: Launching Executing install in D__workspacesreenutechnologies_class_third-app] INFO  o.eclipse.m2e.core.internal.Bundles - 	Entry: D:\software\sts\sts-4.24.0.RELEASE\plugins\org.eclipse.m2e.maven.runtime_3.9.700.20240602-2313\jars\wagon-http-shared-3.5.3.jar
2025-03-13 16:36:16,453 [Worker-71: Launching Executing install in D__workspacesreenutechnologies_class_third-app] INFO  o.eclipse.m2e.core.internal.Bundles - 	Entry: D:\software\sts\sts-4.24.0.RELEASE\plugins\org.eclipse.m2e.maven.runtime_3.9.700.20240602-2313\jars\wagon-provider-api-3.5.3.jar
2025-03-13 16:36:16,453 [Worker-71: Launching Executing install in D__workspacesreenutechnologies_class_third-app] INFO  o.eclipse.m2e.core.internal.Bundles - getClasspathEntries(Bundle=com.google.guava_33.2.0.jre [29])
2025-03-13 16:36:16,454 [Worker-71: Launching Executing install in D__workspacesreenutechnologies_class_third-app] INFO  o.eclipse.m2e.core.internal.Bundles - 	Entry: D:\software\sts\sts-4.24.0.RELEASE\plugins\com.google.guava_33.2.0.jre.jar
2025-03-13 16:36:16,454 [Worker-71: Launching Executing install in D__workspacesreenutechnologies_class_third-app] INFO  o.eclipse.m2e.core.internal.Bundles - getClasspathEntries(Bundle=slf4j.api_2.0.13 [592])
2025-03-13 16:36:16,455 [Worker-71: Launching Executing install in D__workspacesreenutechnologies_class_third-app] INFO  o.eclipse.m2e.core.internal.Bundles - 	Entry: D:\software\sts\sts-4.24.0.RELEASE\plugins\slf4j.api_2.0.13.jar
2025-03-13 16:36:16,455 [Worker-71: Launching Executing install in D__workspacesreenutechnologies_class_third-app] INFO  o.eclipse.m2e.core.internal.Bundles - getClasspathEntries(Bundle=jakarta.inject.jakarta.inject-api_1.0.5 [44])
2025-03-13 16:36:16,456 [Worker-71: Launching Executing install in D__workspacesreenutechnologies_class_third-app] INFO  o.eclipse.m2e.core.internal.Bundles - 	Entry: D:\software\sts\sts-4.24.0.RELEASE\plugins\jakarta.inject.jakarta.inject-api_1.0.5.jar
2025-03-13 16:36:16,456 [Worker-71: Launching Executing install in D__workspacesreenutechnologies_class_third-app] INFO  o.eclipse.m2e.core.internal.Bundles - getClasspathEntries(Bundle=javax.annotation_1.3.5.v20200909-1856 [53])
2025-03-13 16:36:16,457 [Worker-71: Launching Executing install in D__workspacesreenutechnologies_class_third-app] INFO  o.eclipse.m2e.core.internal.Bundles - 	Entry: D:\software\sts\sts-4.24.0.RELEASE\plugins\javax.annotation_1.3.5.v20200909-1856.jar
2025-03-13 16:36:16,457 [Worker-71: Launching Executing install in D__workspacesreenutechnologies_class_third-app] INFO  o.eclipse.m2e.core.internal.Bundles - getClasspathEntries(Bundle=org.apache.commons.cli_1.8.0 [76])
2025-03-13 16:36:16,458 [Worker-71: Launching Executing install in D__workspacesreenutechnologies_class_third-app] INFO  o.eclipse.m2e.core.internal.Bundles - 	Entry: D:\software\sts\sts-4.24.0.RELEASE\plugins\org.apache.commons.cli_1.8.0.jar
2025-03-13 16:36:16,458 [Worker-71: Launching Executing install in D__workspacesreenutechnologies_class_third-app] INFO  o.eclipse.m2e.core.internal.Bundles - getClasspathEntries(Bundle=org.apache.commons.commons-codec_1.16.0 [78])
2025-03-13 16:36:16,459 [Worker-71: Launching Executing install in D__workspacesreenutechnologies_class_third-app] INFO  o.eclipse.m2e.core.internal.Bundles - 	Entry: D:\software\sts\sts-4.24.0.RELEASE\plugins\org.apache.commons.commons-codec_1.16.0.jar
2025-03-13 16:36:16,459 [Worker-71: Launching Executing install in D__workspacesreenutechnologies_class_third-app] INFO  o.eclipse.m2e.core.internal.Bundles - getClasspathEntries(Bundle=org.apache.commons.lang3_3.14.0 [82])
2025-03-13 16:36:16,460 [Worker-71: Launching Executing install in D__workspacesreenutechnologies_class_third-app] INFO  o.eclipse.m2e.core.internal.Bundles - 	Entry: D:\software\sts\sts-4.24.0.RELEASE\plugins\org.apache.commons.lang3_3.14.0.jar
2025-03-13 16:36:16,460 [Worker-71: Launching Executing install in D__workspacesreenutechnologies_class_third-app] INFO  o.eclipse.m2e.core.internal.Bundles - getClasspathEntries(Bundle=com.google.guava.failureaccess_1.0.2 [30])
2025-03-13 16:36:16,461 [Worker-71: Launching Executing install in D__workspacesreenutechnologies_class_third-app] INFO  o.eclipse.m2e.core.internal.Bundles - 	Entry: D:\software\sts\sts-4.24.0.RELEASE\plugins\com.google.guava.failureaccess_1.0.2.jar
2025-03-13 16:36:16,557 [Worker-71: Launching Executing install in D__workspacesreenutechnologies_class_third-app] INFO  o.e.m.i.launch.MavenLaunchDelegate - Run build in "D:\workspacesreenutechnologies\class\third-app":
2025-03-13 16:36:16,557 [Worker-71: Launching Executing install in D__workspacesreenutechnologies_class_third-app] INFO  o.e.m.i.launch.MavenLaunchDelegate -  mvn  -B -Dstyle.color=always install
2025-03-13 17:41:13,310 [main] INFO  o.e.m2e.actions.ExecutePomAction - Creating new launch configuration
2025-03-13 17:46:32,401 [Worker-75: Launching third-app] INFO  o.eclipse.m2e.core.internal.Bundles - getClasspathEntries(Bundle=org.eclipse.m2e.maven.runtime_3.9.700.20240602-2313 [359])
2025-03-13 17:46:32,403 [Worker-75: Launching third-app] INFO  o.eclipse.m2e.core.internal.Bundles - 	Entry: D:\software\sts\sts-4.24.0.RELEASE\plugins\org.eclipse.m2e.maven.runtime_3.9.700.20240602-2313
2025-03-13 17:46:32,403 [Worker-75: Launching third-app] INFO  o.eclipse.m2e.core.internal.Bundles - 	Entry: D:\software\sts\sts-4.24.0.RELEASE\plugins\org.eclipse.m2e.maven.runtime_3.9.700.20240602-2313\jars\aopalliance-1.0.jar
2025-03-13 17:46:32,404 [Worker-75: Launching third-app] INFO  o.eclipse.m2e.core.internal.Bundles - 	Entry: D:\software\sts\sts-4.24.0.RELEASE\plugins\org.eclipse.m2e.maven.runtime_3.9.700.20240602-2313\jars\guice-5.1.0.jar
2025-03-13 17:46:32,404 [Worker-75: Launching third-app] INFO  o.eclipse.m2e.core.internal.Bundles - 	Entry: D:\software\sts\sts-4.24.0.RELEASE\plugins\org.eclipse.m2e.maven.runtime_3.9.700.20240602-2313\jars\httpclient-4.5.14.jar
2025-03-13 17:46:32,404 [Worker-75: Launching third-app] INFO  o.eclipse.m2e.core.internal.Bundles - 	Entry: D:\software\sts\sts-4.24.0.RELEASE\plugins\org.eclipse.m2e.maven.runtime_3.9.700.20240602-2313\jars\httpcore-4.4.16.jar
2025-03-13 17:46:32,404 [Worker-75: Launching third-app] INFO  o.eclipse.m2e.core.internal.Bundles - 	Entry: D:\software\sts\sts-4.24.0.RELEASE\plugins\org.eclipse.m2e.maven.runtime_3.9.700.20240602-2313\jars\jansi-2.4.1.jar
2025-03-13 17:46:32,404 [Worker-75: Launching third-app] INFO  o.eclipse.m2e.core.internal.Bundles - 	Entry: D:\software\sts\sts-4.24.0.RELEASE\plugins\org.eclipse.m2e.maven.runtime_3.9.700.20240602-2313\jars\jcl-over-slf4j-1.7.36.jar
2025-03-13 17:46:32,404 [Worker-75: Launching third-app] INFO  o.eclipse.m2e.core.internal.Bundles - 	Entry: D:\software\sts\sts-4.24.0.RELEASE\plugins\org.eclipse.m2e.maven.runtime_3.9.700.20240602-2313\jars\maven-artifact-3.9.7.jar
2025-03-13 17:46:32,404 [Worker-75: Launching third-app] INFO  o.eclipse.m2e.core.internal.Bundles - 	Entry: D:\software\sts\sts-4.24.0.RELEASE\plugins\org.eclipse.m2e.maven.runtime_3.9.700.20240602-2313\jars\maven-builder-support-3.9.7.jar
2025-03-13 17:46:32,404 [Worker-75: Launching third-app] INFO  o.eclipse.m2e.core.internal.Bundles - 	Entry: D:\software\sts\sts-4.24.0.RELEASE\plugins\org.eclipse.m2e.maven.runtime_3.9.700.20240602-2313\jars\maven-compat-3.9.7.jar
2025-03-13 17:46:32,404 [Worker-75: Launching third-app] INFO  o.eclipse.m2e.core.internal.Bundles - 	Entry: D:\software\sts\sts-4.24.0.RELEASE\plugins\org.eclipse.m2e.maven.runtime_3.9.700.20240602-2313\jars\maven-core-3.9.7.jar
2025-03-13 17:46:32,404 [Worker-75: Launching third-app] INFO  o.eclipse.m2e.core.internal.Bundles - 	Entry: D:\software\sts\sts-4.24.0.RELEASE\plugins\org.eclipse.m2e.maven.runtime_3.9.700.20240602-2313\jars\maven-embedder-3.9.7.jar
2025-03-13 17:46:32,404 [Worker-75: Launching third-app] INFO  o.eclipse.m2e.core.internal.Bundles - 	Entry: D:\software\sts\sts-4.24.0.RELEASE\plugins\org.eclipse.m2e.maven.runtime_3.9.700.20240602-2313\jars\maven-model-3.9.7.jar
2025-03-13 17:46:32,404 [Worker-75: Launching third-app] INFO  o.eclipse.m2e.core.internal.Bundles - 	Entry: D:\software\sts\sts-4.24.0.RELEASE\plugins\org.eclipse.m2e.maven.runtime_3.9.700.20240602-2313\jars\maven-model-builder-3.9.7.jar
2025-03-13 17:46:32,404 [Worker-75: Launching third-app] INFO  o.eclipse.m2e.core.internal.Bundles - 	Entry: D:\software\sts\sts-4.24.0.RELEASE\plugins\org.eclipse.m2e.maven.runtime_3.9.700.20240602-2313\jars\maven-plugin-api-3.9.7.jar
2025-03-13 17:46:32,433 [Worker-75: Launching third-app] INFO  o.eclipse.m2e.core.internal.Bundles - 	Entry: D:\software\sts\sts-4.24.0.RELEASE\plugins\org.eclipse.m2e.maven.runtime_3.9.700.20240602-2313\jars\maven-repository-metadata-3.9.7.jar
2025-03-13 17:46:32,433 [Worker-75: Launching third-app] INFO  o.eclipse.m2e.core.internal.Bundles - 	Entry: D:\software\sts\sts-4.24.0.RELEASE\plugins\org.eclipse.m2e.maven.runtime_3.9.700.20240602-2313\jars\maven-resolver-api-1.9.20.jar
2025-03-13 17:46:32,433 [Worker-75: Launching third-app] INFO  o.eclipse.m2e.core.internal.Bundles - 	Entry: D:\software\sts\sts-4.24.0.RELEASE\plugins\org.eclipse.m2e.maven.runtime_3.9.700.20240602-2313\jars\maven-resolver-connector-basic-1.9.20.jar
2025-03-13 17:46:32,434 [Worker-75: Launching third-app] INFO  o.eclipse.m2e.core.internal.Bundles - 	Entry: D:\software\sts\sts-4.24.0.RELEASE\plugins\org.eclipse.m2e.maven.runtime_3.9.700.20240602-2313\jars\maven-resolver-impl-1.9.20.jar
2025-03-13 17:46:32,434 [Worker-75: Launching third-app] INFO  o.eclipse.m2e.core.internal.Bundles - 	Entry: D:\software\sts\sts-4.24.0.RELEASE\plugins\org.eclipse.m2e.maven.runtime_3.9.700.20240602-2313\jars\maven-resolver-named-locks-1.9.20.jar
2025-03-13 17:46:32,434 [Worker-75: Launching third-app] INFO  o.eclipse.m2e.core.internal.Bundles - 	Entry: D:\software\sts\sts-4.24.0.RELEASE\plugins\org.eclipse.m2e.maven.runtime_3.9.700.20240602-2313\jars\maven-resolver-provider-3.9.7.jar
2025-03-13 17:46:32,434 [Worker-75: Launching third-app] INFO  o.eclipse.m2e.core.internal.Bundles - 	Entry: D:\software\sts\sts-4.24.0.RELEASE\plugins\org.eclipse.m2e.maven.runtime_3.9.700.20240602-2313\jars\maven-resolver-spi-1.9.20.jar
2025-03-13 17:46:32,434 [Worker-75: Launching third-app] INFO  o.eclipse.m2e.core.internal.Bundles - 	Entry: D:\software\sts\sts-4.24.0.RELEASE\plugins\org.eclipse.m2e.maven.runtime_3.9.700.20240602-2313\jars\maven-resolver-transport-file-1.9.20.jar
2025-03-13 17:46:32,434 [Worker-75: Launching third-app] INFO  o.eclipse.m2e.core.internal.Bundles - 	Entry: D:\software\sts\sts-4.24.0.RELEASE\plugins\org.eclipse.m2e.maven.runtime_3.9.700.20240602-2313\jars\maven-resolver-transport-http-1.9.20.jar
2025-03-13 17:46:32,434 [Worker-75: Launching third-app] INFO  o.eclipse.m2e.core.internal.Bundles - 	Entry: D:\software\sts\sts-4.24.0.RELEASE\plugins\org.eclipse.m2e.maven.runtime_3.9.700.20240602-2313\jars\maven-resolver-transport-wagon-1.9.20.jar
2025-03-13 17:46:32,436 [Worker-75: Launching third-app] INFO  o.eclipse.m2e.core.internal.Bundles - 	Entry: D:\software\sts\sts-4.24.0.RELEASE\plugins\org.eclipse.m2e.maven.runtime_3.9.700.20240602-2313\jars\maven-resolver-util-1.9.20.jar
2025-03-13 17:46:32,437 [Worker-75: Launching third-app] INFO  o.eclipse.m2e.core.internal.Bundles - 	Entry: D:\software\sts\sts-4.24.0.RELEASE\plugins\org.eclipse.m2e.maven.runtime_3.9.700.20240602-2313\jars\maven-settings-3.9.7.jar
2025-03-13 17:46:32,437 [Worker-75: Launching third-app] INFO  o.eclipse.m2e.core.internal.Bundles - 	Entry: D:\software\sts\sts-4.24.0.RELEASE\plugins\org.eclipse.m2e.maven.runtime_3.9.700.20240602-2313\jars\maven-settings-builder-3.9.7.jar
2025-03-13 17:46:32,437 [Worker-75: Launching third-app] INFO  o.eclipse.m2e.core.internal.Bundles - 	Entry: D:\software\sts\sts-4.24.0.RELEASE\plugins\org.eclipse.m2e.maven.runtime_3.9.700.20240602-2313\jars\maven-shared-utils-3.4.2.jar
2025-03-13 17:46:32,437 [Worker-75: Launching third-app] INFO  o.eclipse.m2e.core.internal.Bundles - 	Entry: D:\software\sts\sts-4.24.0.RELEASE\plugins\org.eclipse.m2e.maven.runtime_3.9.700.20240602-2313\jars\org.eclipse.sisu.inject-0.9.0.M2.jar
2025-03-13 17:46:32,437 [Worker-75: Launching third-app] INFO  o.eclipse.m2e.core.internal.Bundles - 	Entry: D:\software\sts\sts-4.24.0.RELEASE\plugins\org.eclipse.m2e.maven.runtime_3.9.700.20240602-2313\jars\org.eclipse.sisu.plexus-0.9.0.M2.jar
2025-03-13 17:46:32,437 [Worker-75: Launching third-app] INFO  o.eclipse.m2e.core.internal.Bundles - 	Entry: D:\software\sts\sts-4.24.0.RELEASE\plugins\org.eclipse.m2e.maven.runtime_3.9.700.20240602-2313\jars\plexus-build-api-0.0.7.jar
2025-03-13 17:46:32,437 [Worker-75: Launching third-app] INFO  o.eclipse.m2e.core.internal.Bundles - 	Entry: D:\software\sts\sts-4.24.0.RELEASE\plugins\org.eclipse.m2e.maven.runtime_3.9.700.20240602-2313\jars\plexus-build-api-1.2.0.jar
2025-03-13 17:46:32,437 [Worker-75: Launching third-app] INFO  o.eclipse.m2e.core.internal.Bundles - 	Entry: D:\software\sts\sts-4.24.0.RELEASE\plugins\org.eclipse.m2e.maven.runtime_3.9.700.20240602-2313\jars\plexus-cipher-2.0.jar
2025-03-13 17:46:32,437 [Worker-75: Launching third-app] INFO  o.eclipse.m2e.core.internal.Bundles - 	Entry: D:\software\sts\sts-4.24.0.RELEASE\plugins\org.eclipse.m2e.maven.runtime_3.9.700.20240602-2313\jars\plexus-classworlds-2.8.0.jar
2025-03-13 17:46:32,438 [Worker-75: Launching third-app] INFO  o.eclipse.m2e.core.internal.Bundles - 	Entry: D:\software\sts\sts-4.24.0.RELEASE\plugins\org.eclipse.m2e.maven.runtime_3.9.700.20240602-2313\jars\plexus-component-annotations-2.1.0.jar
2025-03-13 17:46:32,438 [Worker-75: Launching third-app] INFO  o.eclipse.m2e.core.internal.Bundles - 	Entry: D:\software\sts\sts-4.24.0.RELEASE\plugins\org.eclipse.m2e.maven.runtime_3.9.700.20240602-2313\jars\plexus-interpolation-1.27.jar
2025-03-13 17:46:32,438 [Worker-75: Launching third-app] INFO  o.eclipse.m2e.core.internal.Bundles - 	Entry: D:\software\sts\sts-4.24.0.RELEASE\plugins\org.eclipse.m2e.maven.runtime_3.9.700.20240602-2313\jars\plexus-sec-dispatcher-2.0.jar
2025-03-13 17:46:32,438 [Worker-75: Launching third-app] INFO  o.eclipse.m2e.core.internal.Bundles - 	Entry: D:\software\sts\sts-4.24.0.RELEASE\plugins\org.eclipse.m2e.maven.runtime_3.9.700.20240602-2313\jars\plexus-utils-3.5.1.jar
2025-03-13 17:46:32,438 [Worker-75: Launching third-app] INFO  o.eclipse.m2e.core.internal.Bundles - 	Entry: D:\software\sts\sts-4.24.0.RELEASE\plugins\org.eclipse.m2e.maven.runtime_3.9.700.20240602-2313\jars\wagon-file-3.5.3.jar
2025-03-13 17:46:32,438 [Worker-75: Launching third-app] INFO  o.eclipse.m2e.core.internal.Bundles - 	Entry: D:\software\sts\sts-4.24.0.RELEASE\plugins\org.eclipse.m2e.maven.runtime_3.9.700.20240602-2313\jars\wagon-http-3.5.3.jar
2025-03-13 17:46:32,438 [Worker-75: Launching third-app] INFO  o.eclipse.m2e.core.internal.Bundles - 	Entry: D:\software\sts\sts-4.24.0.RELEASE\plugins\org.eclipse.m2e.maven.runtime_3.9.700.20240602-2313\jars\wagon-http-shared-3.5.3.jar
2025-03-13 17:46:32,438 [Worker-75: Launching third-app] INFO  o.eclipse.m2e.core.internal.Bundles - 	Entry: D:\software\sts\sts-4.24.0.RELEASE\plugins\org.eclipse.m2e.maven.runtime_3.9.700.20240602-2313\jars\wagon-provider-api-3.5.3.jar
2025-03-13 17:46:32,438 [Worker-75: Launching third-app] INFO  o.eclipse.m2e.core.internal.Bundles - getClasspathEntries(Bundle=com.google.guava_33.2.0.jre [29])
2025-03-13 17:46:32,439 [Worker-75: Launching third-app] INFO  o.eclipse.m2e.core.internal.Bundles - 	Entry: D:\software\sts\sts-4.24.0.RELEASE\plugins\com.google.guava_33.2.0.jre.jar
2025-03-13 17:46:32,439 [Worker-75: Launching third-app] INFO  o.eclipse.m2e.core.internal.Bundles - getClasspathEntries(Bundle=slf4j.api_2.0.13 [592])
2025-03-13 17:46:32,440 [Worker-75: Launching third-app] INFO  o.eclipse.m2e.core.internal.Bundles - 	Entry: D:\software\sts\sts-4.24.0.RELEASE\plugins\slf4j.api_2.0.13.jar
2025-03-13 17:46:32,440 [Worker-75: Launching third-app] INFO  o.eclipse.m2e.core.internal.Bundles - getClasspathEntries(Bundle=jakarta.inject.jakarta.inject-api_1.0.5 [44])
2025-03-13 17:46:32,440 [Worker-75: Launching third-app] INFO  o.eclipse.m2e.core.internal.Bundles - 	Entry: D:\software\sts\sts-4.24.0.RELEASE\plugins\jakarta.inject.jakarta.inject-api_1.0.5.jar
2025-03-13 17:46:32,440 [Worker-75: Launching third-app] INFO  o.eclipse.m2e.core.internal.Bundles - getClasspathEntries(Bundle=javax.annotation_1.3.5.v20200909-1856 [53])
2025-03-13 17:46:32,441 [Worker-75: Launching third-app] INFO  o.eclipse.m2e.core.internal.Bundles - 	Entry: D:\software\sts\sts-4.24.0.RELEASE\plugins\javax.annotation_1.3.5.v20200909-1856.jar
2025-03-13 17:46:32,441 [Worker-75: Launching third-app] INFO  o.eclipse.m2e.core.internal.Bundles - getClasspathEntries(Bundle=org.apache.commons.cli_1.8.0 [76])
2025-03-13 17:46:32,442 [Worker-75: Launching third-app] INFO  o.eclipse.m2e.core.internal.Bundles - 	Entry: D:\software\sts\sts-4.24.0.RELEASE\plugins\org.apache.commons.cli_1.8.0.jar
2025-03-13 17:46:32,442 [Worker-75: Launching third-app] INFO  o.eclipse.m2e.core.internal.Bundles - getClasspathEntries(Bundle=org.apache.commons.commons-codec_1.16.0 [78])
2025-03-13 17:46:32,442 [Worker-75: Launching third-app] INFO  o.eclipse.m2e.core.internal.Bundles - 	Entry: D:\software\sts\sts-4.24.0.RELEASE\plugins\org.apache.commons.commons-codec_1.16.0.jar
2025-03-13 17:46:32,443 [Worker-75: Launching third-app] INFO  o.eclipse.m2e.core.internal.Bundles - getClasspathEntries(Bundle=org.apache.commons.lang3_3.14.0 [82])
2025-03-13 17:46:32,443 [Worker-75: Launching third-app] INFO  o.eclipse.m2e.core.internal.Bundles - 	Entry: D:\software\sts\sts-4.24.0.RELEASE\plugins\org.apache.commons.lang3_3.14.0.jar
2025-03-13 17:46:32,443 [Worker-75: Launching third-app] INFO  o.eclipse.m2e.core.internal.Bundles - getClasspathEntries(Bundle=com.google.guava.failureaccess_1.0.2 [30])
2025-03-13 17:46:32,444 [Worker-75: Launching third-app] INFO  o.eclipse.m2e.core.internal.Bundles - 	Entry: D:\software\sts\sts-4.24.0.RELEASE\plugins\com.google.guava.failureaccess_1.0.2.jar
2025-03-13 17:46:32,445 [Worker-75: Launching third-app] INFO  o.e.m.i.launch.MavenLaunchDelegate - Run build in "D:\workspacesreenutechnologies\class\third-app":
2025-03-13 17:46:32,445 [Worker-75: Launching third-app] INFO  o.e.m.i.launch.MavenLaunchDelegate -  mvn  -B -Dstyle.color=always 
2025-03-13 17:46:55,864 [main] INFO  o.e.m2e.actions.ExecutePomAction - Creating new launch configuration
2025-03-13 17:46:59,274 [Worker-81: Launching third-app (1)] INFO  o.eclipse.m2e.core.internal.Bundles - getClasspathEntries(Bundle=org.eclipse.m2e.maven.runtime_3.9.700.20240602-2313 [359])
2025-03-13 17:46:59,275 [Worker-81: Launching third-app (1)] INFO  o.eclipse.m2e.core.internal.Bundles - 	Entry: D:\software\sts\sts-4.24.0.RELEASE\plugins\org.eclipse.m2e.maven.runtime_3.9.700.20240602-2313
2025-03-13 17:46:59,275 [Worker-81: Launching third-app (1)] INFO  o.eclipse.m2e.core.internal.Bundles - 	Entry: D:\software\sts\sts-4.24.0.RELEASE\plugins\org.eclipse.m2e.maven.runtime_3.9.700.20240602-2313\jars\aopalliance-1.0.jar
2025-03-13 17:46:59,276 [Worker-81: Launching third-app (1)] INFO  o.eclipse.m2e.core.internal.Bundles - 	Entry: D:\software\sts\sts-4.24.0.RELEASE\plugins\org.eclipse.m2e.maven.runtime_3.9.700.20240602-2313\jars\guice-5.1.0.jar
2025-03-13 17:46:59,276 [Worker-81: Launching third-app (1)] INFO  o.eclipse.m2e.core.internal.Bundles - 	Entry: D:\software\sts\sts-4.24.0.RELEASE\plugins\org.eclipse.m2e.maven.runtime_3.9.700.20240602-2313\jars\httpclient-4.5.14.jar
2025-03-13 17:46:59,276 [Worker-81: Launching third-app (1)] INFO  o.eclipse.m2e.core.internal.Bundles - 	Entry: D:\software\sts\sts-4.24.0.RELEASE\plugins\org.eclipse.m2e.maven.runtime_3.9.700.20240602-2313\jars\httpcore-4.4.16.jar
2025-03-13 17:46:59,276 [Worker-81: Launching third-app (1)] INFO  o.eclipse.m2e.core.internal.Bundles - 	Entry: D:\software\sts\sts-4.24.0.RELEASE\plugins\org.eclipse.m2e.maven.runtime_3.9.700.20240602-2313\jars\jansi-2.4.1.jar
2025-03-13 17:46:59,276 [Worker-81: Launching third-app (1)] INFO  o.eclipse.m2e.core.internal.Bundles - 	Entry: D:\software\sts\sts-4.24.0.RELEASE\plugins\org.eclipse.m2e.maven.runtime_3.9.700.20240602-2313\jars\jcl-over-slf4j-1.7.36.jar
2025-03-13 17:46:59,276 [Worker-81: Launching third-app (1)] INFO  o.eclipse.m2e.core.internal.Bundles - 	Entry: D:\software\sts\sts-4.24.0.RELEASE\plugins\org.eclipse.m2e.maven.runtime_3.9.700.20240602-2313\jars\maven-artifact-3.9.7.jar
2025-03-13 17:46:59,276 [Worker-81: Launching third-app (1)] INFO  o.eclipse.m2e.core.internal.Bundles - 	Entry: D:\software\sts\sts-4.24.0.RELEASE\plugins\org.eclipse.m2e.maven.runtime_3.9.700.20240602-2313\jars\maven-builder-support-3.9.7.jar
2025-03-13 17:46:59,276 [Worker-81: Launching third-app (1)] INFO  o.eclipse.m2e.core.internal.Bundles - 	Entry: D:\software\sts\sts-4.24.0.RELEASE\plugins\org.eclipse.m2e.maven.runtime_3.9.700.20240602-2313\jars\maven-compat-3.9.7.jar
2025-03-13 17:46:59,276 [Worker-81: Launching third-app (1)] INFO  o.eclipse.m2e.core.internal.Bundles - 	Entry: D:\software\sts\sts-4.24.0.RELEASE\plugins\org.eclipse.m2e.maven.runtime_3.9.700.20240602-2313\jars\maven-core-3.9.7.jar
2025-03-13 17:46:59,276 [Worker-81: Launching third-app (1)] INFO  o.eclipse.m2e.core.internal.Bundles - 	Entry: D:\software\sts\sts-4.24.0.RELEASE\plugins\org.eclipse.m2e.maven.runtime_3.9.700.20240602-2313\jars\maven-embedder-3.9.7.jar
2025-03-13 17:46:59,276 [Worker-81: Launching third-app (1)] INFO  o.eclipse.m2e.core.internal.Bundles - 	Entry: D:\software\sts\sts-4.24.0.RELEASE\plugins\org.eclipse.m2e.maven.runtime_3.9.700.20240602-2313\jars\maven-model-3.9.7.jar
2025-03-13 17:46:59,276 [Worker-81: Launching third-app (1)] INFO  o.eclipse.m2e.core.internal.Bundles - 	Entry: D:\software\sts\sts-4.24.0.RELEASE\plugins\org.eclipse.m2e.maven.runtime_3.9.700.20240602-2313\jars\maven-model-builder-3.9.7.jar
2025-03-13 17:46:59,277 [Worker-81: Launching third-app (1)] INFO  o.eclipse.m2e.core.internal.Bundles - 	Entry: D:\software\sts\sts-4.24.0.RELEASE\plugins\org.eclipse.m2e.maven.runtime_3.9.700.20240602-2313\jars\maven-plugin-api-3.9.7.jar
2025-03-13 17:46:59,277 [Worker-81: Launching third-app (1)] INFO  o.eclipse.m2e.core.internal.Bundles - 	Entry: D:\software\sts\sts-4.24.0.RELEASE\plugins\org.eclipse.m2e.maven.runtime_3.9.700.20240602-2313\jars\maven-repository-metadata-3.9.7.jar
2025-03-13 17:46:59,277 [Worker-81: Launching third-app (1)] INFO  o.eclipse.m2e.core.internal.Bundles - 	Entry: D:\software\sts\sts-4.24.0.RELEASE\plugins\org.eclipse.m2e.maven.runtime_3.9.700.20240602-2313\jars\maven-resolver-api-1.9.20.jar
2025-03-13 17:46:59,277 [Worker-81: Launching third-app (1)] INFO  o.eclipse.m2e.core.internal.Bundles - 	Entry: D:\software\sts\sts-4.24.0.RELEASE\plugins\org.eclipse.m2e.maven.runtime_3.9.700.20240602-2313\jars\maven-resolver-connector-basic-1.9.20.jar
2025-03-13 17:46:59,277 [Worker-81: Launching third-app (1)] INFO  o.eclipse.m2e.core.internal.Bundles - 	Entry: D:\software\sts\sts-4.24.0.RELEASE\plugins\org.eclipse.m2e.maven.runtime_3.9.700.20240602-2313\jars\maven-resolver-impl-1.9.20.jar
2025-03-13 17:46:59,277 [Worker-81: Launching third-app (1)] INFO  o.eclipse.m2e.core.internal.Bundles - 	Entry: D:\software\sts\sts-4.24.0.RELEASE\plugins\org.eclipse.m2e.maven.runtime_3.9.700.20240602-2313\jars\maven-resolver-named-locks-1.9.20.jar
2025-03-13 17:46:59,277 [Worker-81: Launching third-app (1)] INFO  o.eclipse.m2e.core.internal.Bundles - 	Entry: D:\software\sts\sts-4.24.0.RELEASE\plugins\org.eclipse.m2e.maven.runtime_3.9.700.20240602-2313\jars\maven-resolver-provider-3.9.7.jar
2025-03-13 17:46:59,277 [Worker-81: Launching third-app (1)] INFO  o.eclipse.m2e.core.internal.Bundles - 	Entry: D:\software\sts\sts-4.24.0.RELEASE\plugins\org.eclipse.m2e.maven.runtime_3.9.700.20240602-2313\jars\maven-resolver-spi-1.9.20.jar
2025-03-13 17:46:59,277 [Worker-81: Launching third-app (1)] INFO  o.eclipse.m2e.core.internal.Bundles - 	Entry: D:\software\sts\sts-4.24.0.RELEASE\plugins\org.eclipse.m2e.maven.runtime_3.9.700.20240602-2313\jars\maven-resolver-transport-file-1.9.20.jar
2025-03-13 17:46:59,277 [Worker-81: Launching third-app (1)] INFO  o.eclipse.m2e.core.internal.Bundles - 	Entry: D:\software\sts\sts-4.24.0.RELEASE\plugins\org.eclipse.m2e.maven.runtime_3.9.700.20240602-2313\jars\maven-resolver-transport-http-1.9.20.jar
2025-03-13 17:46:59,277 [Worker-81: Launching third-app (1)] INFO  o.eclipse.m2e.core.internal.Bundles - 	Entry: D:\software\sts\sts-4.24.0.RELEASE\plugins\org.eclipse.m2e.maven.runtime_3.9.700.20240602-2313\jars\maven-resolver-transport-wagon-1.9.20.jar
2025-03-13 17:46:59,277 [Worker-81: Launching third-app (1)] INFO  o.eclipse.m2e.core.internal.Bundles - 	Entry: D:\software\sts\sts-4.24.0.RELEASE\plugins\org.eclipse.m2e.maven.runtime_3.9.700.20240602-2313\jars\maven-resolver-util-1.9.20.jar
2025-03-13 17:46:59,277 [Worker-81: Launching third-app (1)] INFO  o.eclipse.m2e.core.internal.Bundles - 	Entry: D:\software\sts\sts-4.24.0.RELEASE\plugins\org.eclipse.m2e.maven.runtime_3.9.700.20240602-2313\jars\maven-settings-3.9.7.jar
2025-03-13 17:46:59,277 [Worker-81: Launching third-app (1)] INFO  o.eclipse.m2e.core.internal.Bundles - 	Entry: D:\software\sts\sts-4.24.0.RELEASE\plugins\org.eclipse.m2e.maven.runtime_3.9.700.20240602-2313\jars\maven-settings-builder-3.9.7.jar
2025-03-13 17:46:59,278 [Worker-81: Launching third-app (1)] INFO  o.eclipse.m2e.core.internal.Bundles - 	Entry: D:\software\sts\sts-4.24.0.RELEASE\plugins\org.eclipse.m2e.maven.runtime_3.9.700.20240602-2313\jars\maven-shared-utils-3.4.2.jar
2025-03-13 17:46:59,278 [Worker-81: Launching third-app (1)] INFO  o.eclipse.m2e.core.internal.Bundles - 	Entry: D:\software\sts\sts-4.24.0.RELEASE\plugins\org.eclipse.m2e.maven.runtime_3.9.700.20240602-2313\jars\org.eclipse.sisu.inject-0.9.0.M2.jar
2025-03-13 17:46:59,278 [Worker-81: Launching third-app (1)] INFO  o.eclipse.m2e.core.internal.Bundles - 	Entry: D:\software\sts\sts-4.24.0.RELEASE\plugins\org.eclipse.m2e.maven.runtime_3.9.700.20240602-2313\jars\org.eclipse.sisu.plexus-0.9.0.M2.jar
2025-03-13 17:46:59,278 [Worker-81: Launching third-app (1)] INFO  o.eclipse.m2e.core.internal.Bundles - 	Entry: D:\software\sts\sts-4.24.0.RELEASE\plugins\org.eclipse.m2e.maven.runtime_3.9.700.20240602-2313\jars\plexus-build-api-0.0.7.jar
2025-03-13 17:46:59,278 [Worker-81: Launching third-app (1)] INFO  o.eclipse.m2e.core.internal.Bundles - 	Entry: D:\software\sts\sts-4.24.0.RELEASE\plugins\org.eclipse.m2e.maven.runtime_3.9.700.20240602-2313\jars\plexus-build-api-1.2.0.jar
2025-03-13 17:46:59,278 [Worker-81: Launching third-app (1)] INFO  o.eclipse.m2e.core.internal.Bundles - 	Entry: D:\software\sts\sts-4.24.0.RELEASE\plugins\org.eclipse.m2e.maven.runtime_3.9.700.20240602-2313\jars\plexus-cipher-2.0.jar
2025-03-13 17:46:59,278 [Worker-81: Launching third-app (1)] INFO  o.eclipse.m2e.core.internal.Bundles - 	Entry: D:\software\sts\sts-4.24.0.RELEASE\plugins\org.eclipse.m2e.maven.runtime_3.9.700.20240602-2313\jars\plexus-classworlds-2.8.0.jar
2025-03-13 17:46:59,278 [Worker-81: Launching third-app (1)] INFO  o.eclipse.m2e.core.internal.Bundles - 	Entry: D:\software\sts\sts-4.24.0.RELEASE\plugins\org.eclipse.m2e.maven.runtime_3.9.700.20240602-2313\jars\plexus-component-annotations-2.1.0.jar
2025-03-13 17:46:59,278 [Worker-81: Launching third-app (1)] INFO  o.eclipse.m2e.core.internal.Bundles - 	Entry: D:\software\sts\sts-4.24.0.RELEASE\plugins\org.eclipse.m2e.maven.runtime_3.9.700.20240602-2313\jars\plexus-interpolation-1.27.jar
2025-03-13 17:46:59,278 [Worker-81: Launching third-app (1)] INFO  o.eclipse.m2e.core.internal.Bundles - 	Entry: D:\software\sts\sts-4.24.0.RELEASE\plugins\org.eclipse.m2e.maven.runtime_3.9.700.20240602-2313\jars\plexus-sec-dispatcher-2.0.jar
2025-03-13 17:46:59,278 [Worker-81: Launching third-app (1)] INFO  o.eclipse.m2e.core.internal.Bundles - 	Entry: D:\software\sts\sts-4.24.0.RELEASE\plugins\org.eclipse.m2e.maven.runtime_3.9.700.20240602-2313\jars\plexus-utils-3.5.1.jar
2025-03-13 17:46:59,278 [Worker-81: Launching third-app (1)] INFO  o.eclipse.m2e.core.internal.Bundles - 	Entry: D:\software\sts\sts-4.24.0.RELEASE\plugins\org.eclipse.m2e.maven.runtime_3.9.700.20240602-2313\jars\wagon-file-3.5.3.jar
2025-03-13 17:46:59,278 [Worker-81: Launching third-app (1)] INFO  o.eclipse.m2e.core.internal.Bundles - 	Entry: D:\software\sts\sts-4.24.0.RELEASE\plugins\org.eclipse.m2e.maven.runtime_3.9.700.20240602-2313\jars\wagon-http-3.5.3.jar
2025-03-13 17:46:59,278 [Worker-81: Launching third-app (1)] INFO  o.eclipse.m2e.core.internal.Bundles - 	Entry: D:\software\sts\sts-4.24.0.RELEASE\plugins\org.eclipse.m2e.maven.runtime_3.9.700.20240602-2313\jars\wagon-http-shared-3.5.3.jar
2025-03-13 17:46:59,278 [Worker-81: Launching third-app (1)] INFO  o.eclipse.m2e.core.internal.Bundles - 	Entry: D:\software\sts\sts-4.24.0.RELEASE\plugins\org.eclipse.m2e.maven.runtime_3.9.700.20240602-2313\jars\wagon-provider-api-3.5.3.jar
2025-03-13 17:46:59,279 [Worker-81: Launching third-app (1)] INFO  o.eclipse.m2e.core.internal.Bundles - getClasspathEntries(Bundle=com.google.guava_33.2.0.jre [29])
2025-03-13 17:46:59,279 [Worker-81: Launching third-app (1)] INFO  o.eclipse.m2e.core.internal.Bundles - 	Entry: D:\software\sts\sts-4.24.0.RELEASE\plugins\com.google.guava_33.2.0.jre.jar
2025-03-13 17:46:59,279 [Worker-81: Launching third-app (1)] INFO  o.eclipse.m2e.core.internal.Bundles - getClasspathEntries(Bundle=slf4j.api_2.0.13 [592])
2025-03-13 17:46:59,280 [Worker-81: Launching third-app (1)] INFO  o.eclipse.m2e.core.internal.Bundles - 	Entry: D:\software\sts\sts-4.24.0.RELEASE\plugins\slf4j.api_2.0.13.jar
2025-03-13 17:46:59,280 [Worker-81: Launching third-app (1)] INFO  o.eclipse.m2e.core.internal.Bundles - getClasspathEntries(Bundle=jakarta.inject.jakarta.inject-api_1.0.5 [44])
2025-03-13 17:46:59,281 [Worker-81: Launching third-app (1)] INFO  o.eclipse.m2e.core.internal.Bundles - 	Entry: D:\software\sts\sts-4.24.0.RELEASE\plugins\jakarta.inject.jakarta.inject-api_1.0.5.jar
2025-03-13 17:46:59,281 [Worker-81: Launching third-app (1)] INFO  o.eclipse.m2e.core.internal.Bundles - getClasspathEntries(Bundle=javax.annotation_1.3.5.v20200909-1856 [53])
2025-03-13 17:46:59,281 [Worker-81: Launching third-app (1)] INFO  o.eclipse.m2e.core.internal.Bundles - 	Entry: D:\software\sts\sts-4.24.0.RELEASE\plugins\javax.annotation_1.3.5.v20200909-1856.jar
2025-03-13 17:46:59,281 [Worker-81: Launching third-app (1)] INFO  o.eclipse.m2e.core.internal.Bundles - getClasspathEntries(Bundle=org.apache.commons.cli_1.8.0 [76])
2025-03-13 17:46:59,282 [Worker-81: Launching third-app (1)] INFO  o.eclipse.m2e.core.internal.Bundles - 	Entry: D:\software\sts\sts-4.24.0.RELEASE\plugins\org.apache.commons.cli_1.8.0.jar
2025-03-13 17:46:59,282 [Worker-81: Launching third-app (1)] INFO  o.eclipse.m2e.core.internal.Bundles - getClasspathEntries(Bundle=org.apache.commons.commons-codec_1.16.0 [78])
2025-03-13 17:46:59,283 [Worker-81: Launching third-app (1)] INFO  o.eclipse.m2e.core.internal.Bundles - 	Entry: D:\software\sts\sts-4.24.0.RELEASE\plugins\org.apache.commons.commons-codec_1.16.0.jar
2025-03-13 17:46:59,283 [Worker-81: Launching third-app (1)] INFO  o.eclipse.m2e.core.internal.Bundles - getClasspathEntries(Bundle=org.apache.commons.lang3_3.14.0 [82])
2025-03-13 17:46:59,284 [Worker-81: Launching third-app (1)] INFO  o.eclipse.m2e.core.internal.Bundles - 	Entry: D:\software\sts\sts-4.24.0.RELEASE\plugins\org.apache.commons.lang3_3.14.0.jar
2025-03-13 17:46:59,285 [Worker-81: Launching third-app (1)] INFO  o.eclipse.m2e.core.internal.Bundles - getClasspathEntries(Bundle=com.google.guava.failureaccess_1.0.2 [30])
2025-03-13 17:46:59,286 [Worker-81: Launching third-app (1)] INFO  o.eclipse.m2e.core.internal.Bundles - 	Entry: D:\software\sts\sts-4.24.0.RELEASE\plugins\com.google.guava.failureaccess_1.0.2.jar
2025-03-13 17:46:59,304 [Worker-81: Launching third-app (1)] INFO  o.e.m.i.launch.MavenLaunchDelegate - Run build in "D:\workspacesreenutechnologies\class\third-app":
2025-03-13 17:46:59,305 [Worker-81: Launching third-app (1)] INFO  o.e.m.i.launch.MavenLaunchDelegate -  mvn  -B -Dstyle.color=always 
2025-03-13 21:44:07,413 [Worker-98: Building] WARN  o.a.m.s.f.DefaultMavenResourcesFiltering - Using platform encoding (UTF-8 actually) to copy filtered resources, i.e. build is platform dependent!
2025-03-13 21:44:09,283 [Worker-98: Building] INFO  o.a.m.s.f.DefaultMavenResourcesFiltering - Copying 0 resource from src\main\resources to target\classes
2025-03-13 21:44:09,766 [Worker-98: Building] WARN  o.a.m.s.f.DefaultMavenResourcesFiltering - Using platform encoding (UTF-8 actually) to copy filtered resources, i.e. build is platform dependent!
2025-03-13 21:44:09,768 [Worker-98: Building] INFO  o.a.m.s.f.DefaultMavenResourcesFiltering - Copying 0 resource from src\test\resources to target\test-classes
2025-03-13 21:59:55,006 [Worker-94: Creating project "parent-pom"] INFO  o.e.m.c.i.l.LifecycleMappingFactory - Using NULL lifecycle mapping for MavenProject: com.fzktech.parent:parent-pom:1.0.0-SNAPSHOT @ D:\workspacesreenutechnologies\class\parent-pom\pom.xml.
2025-03-13 22:10:39,823 [Worker-102: Launching Executing install in D__workspacesreenutechnologies_class_parent-pom] INFO  o.eclipse.m2e.core.internal.Bundles - getClasspathEntries(Bundle=org.eclipse.m2e.maven.runtime_3.9.700.20240602-2313 [359])
2025-03-13 22:10:39,892 [Worker-102: Launching Executing install in D__workspacesreenutechnologies_class_parent-pom] INFO  o.eclipse.m2e.core.internal.Bundles - 	Entry: D:\software\sts\sts-4.24.0.RELEASE\plugins\org.eclipse.m2e.maven.runtime_3.9.700.20240602-2313
2025-03-13 22:10:39,892 [Worker-102: Launching Executing install in D__workspacesreenutechnologies_class_parent-pom] INFO  o.eclipse.m2e.core.internal.Bundles - 	Entry: D:\software\sts\sts-4.24.0.RELEASE\plugins\org.eclipse.m2e.maven.runtime_3.9.700.20240602-2313\jars\aopalliance-1.0.jar
2025-03-13 22:10:39,892 [Worker-102: Launching Executing install in D__workspacesreenutechnologies_class_parent-pom] INFO  o.eclipse.m2e.core.internal.Bundles - 	Entry: D:\software\sts\sts-4.24.0.RELEASE\plugins\org.eclipse.m2e.maven.runtime_3.9.700.20240602-2313\jars\guice-5.1.0.jar
2025-03-13 22:10:39,892 [Worker-102: Launching Executing install in D__workspacesreenutechnologies_class_parent-pom] INFO  o.eclipse.m2e.core.internal.Bundles - 	Entry: D:\software\sts\sts-4.24.0.RELEASE\plugins\org.eclipse.m2e.maven.runtime_3.9.700.20240602-2313\jars\httpclient-4.5.14.jar
2025-03-13 22:10:39,892 [Worker-102: Launching Executing install in D__workspacesreenutechnologies_class_parent-pom] INFO  o.eclipse.m2e.core.internal.Bundles - 	Entry: D:\software\sts\sts-4.24.0.RELEASE\plugins\org.eclipse.m2e.maven.runtime_3.9.700.20240602-2313\jars\httpcore-4.4.16.jar
2025-03-13 22:10:39,892 [Worker-102: Launching Executing install in D__workspacesreenutechnologies_class_parent-pom] INFO  o.eclipse.m2e.core.internal.Bundles - 	Entry: D:\software\sts\sts-4.24.0.RELEASE\plugins\org.eclipse.m2e.maven.runtime_3.9.700.20240602-2313\jars\jansi-2.4.1.jar
2025-03-13 22:10:39,892 [Worker-102: Launching Executing install in D__workspacesreenutechnologies_class_parent-pom] INFO  o.eclipse.m2e.core.internal.Bundles - 	Entry: D:\software\sts\sts-4.24.0.RELEASE\plugins\org.eclipse.m2e.maven.runtime_3.9.700.20240602-2313\jars\jcl-over-slf4j-1.7.36.jar
2025-03-13 22:10:39,892 [Worker-102: Launching Executing install in D__workspacesreenutechnologies_class_parent-pom] INFO  o.eclipse.m2e.core.internal.Bundles - 	Entry: D:\software\sts\sts-4.24.0.RELEASE\plugins\org.eclipse.m2e.maven.runtime_3.9.700.20240602-2313\jars\maven-artifact-3.9.7.jar
2025-03-13 22:10:39,892 [Worker-102: Launching Executing install in D__workspacesreenutechnologies_class_parent-pom] INFO  o.eclipse.m2e.core.internal.Bundles - 	Entry: D:\software\sts\sts-4.24.0.RELEASE\plugins\org.eclipse.m2e.maven.runtime_3.9.700.20240602-2313\jars\maven-builder-support-3.9.7.jar
2025-03-13 22:10:39,892 [Worker-102: Launching Executing install in D__workspacesreenutechnologies_class_parent-pom] INFO  o.eclipse.m2e.core.internal.Bundles - 	Entry: D:\software\sts\sts-4.24.0.RELEASE\plugins\org.eclipse.m2e.maven.runtime_3.9.700.20240602-2313\jars\maven-compat-3.9.7.jar
2025-03-13 22:10:39,892 [Worker-102: Launching Executing install in D__workspacesreenutechnologies_class_parent-pom] INFO  o.eclipse.m2e.core.internal.Bundles - 	Entry: D:\software\sts\sts-4.24.0.RELEASE\plugins\org.eclipse.m2e.maven.runtime_3.9.700.20240602-2313\jars\maven-core-3.9.7.jar
2025-03-13 22:10:39,892 [Worker-102: Launching Executing install in D__workspacesreenutechnologies_class_parent-pom] INFO  o.eclipse.m2e.core.internal.Bundles - 	Entry: D:\software\sts\sts-4.24.0.RELEASE\plugins\org.eclipse.m2e.maven.runtime_3.9.700.20240602-2313\jars\maven-embedder-3.9.7.jar
2025-03-13 22:10:39,892 [Worker-102: Launching Executing install in D__workspacesreenutechnologies_class_parent-pom] INFO  o.eclipse.m2e.core.internal.Bundles - 	Entry: D:\software\sts\sts-4.24.0.RELEASE\plugins\org.eclipse.m2e.maven.runtime_3.9.700.20240602-2313\jars\maven-model-3.9.7.jar
2025-03-13 22:10:39,893 [Worker-102: Launching Executing install in D__workspacesreenutechnologies_class_parent-pom] INFO  o.eclipse.m2e.core.internal.Bundles - 	Entry: D:\software\sts\sts-4.24.0.RELEASE\plugins\org.eclipse.m2e.maven.runtime_3.9.700.20240602-2313\jars\maven-model-builder-3.9.7.jar
2025-03-13 22:10:39,893 [Worker-102: Launching Executing install in D__workspacesreenutechnologies_class_parent-pom] INFO  o.eclipse.m2e.core.internal.Bundles - 	Entry: D:\software\sts\sts-4.24.0.RELEASE\plugins\org.eclipse.m2e.maven.runtime_3.9.700.20240602-2313\jars\maven-plugin-api-3.9.7.jar
2025-03-13 22:10:39,893 [Worker-102: Launching Executing install in D__workspacesreenutechnologies_class_parent-pom] INFO  o.eclipse.m2e.core.internal.Bundles - 	Entry: D:\software\sts\sts-4.24.0.RELEASE\plugins\org.eclipse.m2e.maven.runtime_3.9.700.20240602-2313\jars\maven-repository-metadata-3.9.7.jar
2025-03-13 22:10:39,893 [Worker-102: Launching Executing install in D__workspacesreenutechnologies_class_parent-pom] INFO  o.eclipse.m2e.core.internal.Bundles - 	Entry: D:\software\sts\sts-4.24.0.RELEASE\plugins\org.eclipse.m2e.maven.runtime_3.9.700.20240602-2313\jars\maven-resolver-api-1.9.20.jar
2025-03-13 22:10:39,893 [Worker-102: Launching Executing install in D__workspacesreenutechnologies_class_parent-pom] INFO  o.eclipse.m2e.core.internal.Bundles - 	Entry: D:\software\sts\sts-4.24.0.RELEASE\plugins\org.eclipse.m2e.maven.runtime_3.9.700.20240602-2313\jars\maven-resolver-connector-basic-1.9.20.jar
2025-03-13 22:10:39,893 [Worker-102: Launching Executing install in D__workspacesreenutechnologies_class_parent-pom] INFO  o.eclipse.m2e.core.internal.Bundles - 	Entry: D:\software\sts\sts-4.24.0.RELEASE\plugins\org.eclipse.m2e.maven.runtime_3.9.700.20240602-2313\jars\maven-resolver-impl-1.9.20.jar
2025-03-13 22:10:39,893 [Worker-102: Launching Executing install in D__workspacesreenutechnologies_class_parent-pom] INFO  o.eclipse.m2e.core.internal.Bundles - 	Entry: D:\software\sts\sts-4.24.0.RELEASE\plugins\org.eclipse.m2e.maven.runtime_3.9.700.20240602-2313\jars\maven-resolver-named-locks-1.9.20.jar
2025-03-13 22:10:39,893 [Worker-102: Launching Executing install in D__workspacesreenutechnologies_class_parent-pom] INFO  o.eclipse.m2e.core.internal.Bundles - 	Entry: D:\software\sts\sts-4.24.0.RELEASE\plugins\org.eclipse.m2e.maven.runtime_3.9.700.20240602-2313\jars\maven-resolver-provider-3.9.7.jar
2025-03-13 22:10:39,893 [Worker-102: Launching Executing install in D__workspacesreenutechnologies_class_parent-pom] INFO  o.eclipse.m2e.core.internal.Bundles - 	Entry: D:\software\sts\sts-4.24.0.RELEASE\plugins\org.eclipse.m2e.maven.runtime_3.9.700.20240602-2313\jars\maven-resolver-spi-1.9.20.jar
2025-03-13 22:10:39,893 [Worker-102: Launching Executing install in D__workspacesreenutechnologies_class_parent-pom] INFO  o.eclipse.m2e.core.internal.Bundles - 	Entry: D:\software\sts\sts-4.24.0.RELEASE\plugins\org.eclipse.m2e.maven.runtime_3.9.700.20240602-2313\jars\maven-resolver-transport-file-1.9.20.jar
2025-03-13 22:10:39,893 [Worker-102: Launching Executing install in D__workspacesreenutechnologies_class_parent-pom] INFO  o.eclipse.m2e.core.internal.Bundles - 	Entry: D:\software\sts\sts-4.24.0.RELEASE\plugins\org.eclipse.m2e.maven.runtime_3.9.700.20240602-2313\jars\maven-resolver-transport-http-1.9.20.jar
2025-03-13 22:10:39,893 [Worker-102: Launching Executing install in D__workspacesreenutechnologies_class_parent-pom] INFO  o.eclipse.m2e.core.internal.Bundles - 	Entry: D:\software\sts\sts-4.24.0.RELEASE\plugins\org.eclipse.m2e.maven.runtime_3.9.700.20240602-2313\jars\maven-resolver-transport-wagon-1.9.20.jar
2025-03-13 22:10:39,893 [Worker-102: Launching Executing install in D__workspacesreenutechnologies_class_parent-pom] INFO  o.eclipse.m2e.core.internal.Bundles - 	Entry: D:\software\sts\sts-4.24.0.RELEASE\plugins\org.eclipse.m2e.maven.runtime_3.9.700.20240602-2313\jars\maven-resolver-util-1.9.20.jar
2025-03-13 22:10:39,893 [Worker-102: Launching Executing install in D__workspacesreenutechnologies_class_parent-pom] INFO  o.eclipse.m2e.core.internal.Bundles - 	Entry: D:\software\sts\sts-4.24.0.RELEASE\plugins\org.eclipse.m2e.maven.runtime_3.9.700.20240602-2313\jars\maven-settings-3.9.7.jar
2025-03-13 22:10:39,893 [Worker-102: Launching Executing install in D__workspacesreenutechnologies_class_parent-pom] INFO  o.eclipse.m2e.core.internal.Bundles - 	Entry: D:\software\sts\sts-4.24.0.RELEASE\plugins\org.eclipse.m2e.maven.runtime_3.9.700.20240602-2313\jars\maven-settings-builder-3.9.7.jar
2025-03-13 22:10:39,893 [Worker-102: Launching Executing install in D__workspacesreenutechnologies_class_parent-pom] INFO  o.eclipse.m2e.core.internal.Bundles - 	Entry: D:\software\sts\sts-4.24.0.RELEASE\plugins\org.eclipse.m2e.maven.runtime_3.9.700.20240602-2313\jars\maven-shared-utils-3.4.2.jar
2025-03-13 22:10:39,893 [Worker-102: Launching Executing install in D__workspacesreenutechnologies_class_parent-pom] INFO  o.eclipse.m2e.core.internal.Bundles - 	Entry: D:\software\sts\sts-4.24.0.RELEASE\plugins\org.eclipse.m2e.maven.runtime_3.9.700.20240602-2313\jars\org.eclipse.sisu.inject-0.9.0.M2.jar
2025-03-13 22:10:39,893 [Worker-102: Launching Executing install in D__workspacesreenutechnologies_class_parent-pom] INFO  o.eclipse.m2e.core.internal.Bundles - 	Entry: D:\software\sts\sts-4.24.0.RELEASE\plugins\org.eclipse.m2e.maven.runtime_3.9.700.20240602-2313\jars\org.eclipse.sisu.plexus-0.9.0.M2.jar
2025-03-13 22:10:39,894 [Worker-102: Launching Executing install in D__workspacesreenutechnologies_class_parent-pom] INFO  o.eclipse.m2e.core.internal.Bundles - 	Entry: D:\software\sts\sts-4.24.0.RELEASE\plugins\org.eclipse.m2e.maven.runtime_3.9.700.20240602-2313\jars\plexus-build-api-0.0.7.jar
2025-03-13 22:10:39,894 [Worker-102: Launching Executing install in D__workspacesreenutechnologies_class_parent-pom] INFO  o.eclipse.m2e.core.internal.Bundles - 	Entry: D:\software\sts\sts-4.24.0.RELEASE\plugins\org.eclipse.m2e.maven.runtime_3.9.700.20240602-2313\jars\plexus-build-api-1.2.0.jar
2025-03-13 22:10:39,894 [Worker-102: Launching Executing install in D__workspacesreenutechnologies_class_parent-pom] INFO  o.eclipse.m2e.core.internal.Bundles - 	Entry: D:\software\sts\sts-4.24.0.RELEASE\plugins\org.eclipse.m2e.maven.runtime_3.9.700.20240602-2313\jars\plexus-cipher-2.0.jar
2025-03-13 22:10:39,894 [Worker-102: Launching Executing install in D__workspacesreenutechnologies_class_parent-pom] INFO  o.eclipse.m2e.core.internal.Bundles - 	Entry: D:\software\sts\sts-4.24.0.RELEASE\plugins\org.eclipse.m2e.maven.runtime_3.9.700.20240602-2313\jars\plexus-classworlds-2.8.0.jar
2025-03-13 22:10:39,894 [Worker-102: Launching Executing install in D__workspacesreenutechnologies_class_parent-pom] INFO  o.eclipse.m2e.core.internal.Bundles - 	Entry: D:\software\sts\sts-4.24.0.RELEASE\plugins\org.eclipse.m2e.maven.runtime_3.9.700.20240602-2313\jars\plexus-component-annotations-2.1.0.jar
2025-03-13 22:10:39,894 [Worker-102: Launching Executing install in D__workspacesreenutechnologies_class_parent-pom] INFO  o.eclipse.m2e.core.internal.Bundles - 	Entry: D:\software\sts\sts-4.24.0.RELEASE\plugins\org.eclipse.m2e.maven.runtime_3.9.700.20240602-2313\jars\plexus-interpolation-1.27.jar
2025-03-13 22:10:39,894 [Worker-102: Launching Executing install in D__workspacesreenutechnologies_class_parent-pom] INFO  o.eclipse.m2e.core.internal.Bundles - 	Entry: D:\software\sts\sts-4.24.0.RELEASE\plugins\org.eclipse.m2e.maven.runtime_3.9.700.20240602-2313\jars\plexus-sec-dispatcher-2.0.jar
2025-03-13 22:10:39,894 [Worker-102: Launching Executing install in D__workspacesreenutechnologies_class_parent-pom] INFO  o.eclipse.m2e.core.internal.Bundles - 	Entry: D:\software\sts\sts-4.24.0.RELEASE\plugins\org.eclipse.m2e.maven.runtime_3.9.700.20240602-2313\jars\plexus-utils-3.5.1.jar
2025-03-13 22:10:39,894 [Worker-102: Launching Executing install in D__workspacesreenutechnologies_class_parent-pom] INFO  o.eclipse.m2e.core.internal.Bundles - 	Entry: D:\software\sts\sts-4.24.0.RELEASE\plugins\org.eclipse.m2e.maven.runtime_3.9.700.20240602-2313\jars\wagon-file-3.5.3.jar
2025-03-13 22:10:39,894 [Worker-102: Launching Executing install in D__workspacesreenutechnologies_class_parent-pom] INFO  o.eclipse.m2e.core.internal.Bundles - 	Entry: D:\software\sts\sts-4.24.0.RELEASE\plugins\org.eclipse.m2e.maven.runtime_3.9.700.20240602-2313\jars\wagon-http-3.5.3.jar
2025-03-13 22:10:39,894 [Worker-102: Launching Executing install in D__workspacesreenutechnologies_class_parent-pom] INFO  o.eclipse.m2e.core.internal.Bundles - 	Entry: D:\software\sts\sts-4.24.0.RELEASE\plugins\org.eclipse.m2e.maven.runtime_3.9.700.20240602-2313\jars\wagon-http-shared-3.5.3.jar
2025-03-13 22:10:39,894 [Worker-102: Launching Executing install in D__workspacesreenutechnologies_class_parent-pom] INFO  o.eclipse.m2e.core.internal.Bundles - 	Entry: D:\software\sts\sts-4.24.0.RELEASE\plugins\org.eclipse.m2e.maven.runtime_3.9.700.20240602-2313\jars\wagon-provider-api-3.5.3.jar
2025-03-13 22:10:39,894 [Worker-102: Launching Executing install in D__workspacesreenutechnologies_class_parent-pom] INFO  o.eclipse.m2e.core.internal.Bundles - getClasspathEntries(Bundle=com.google.guava_33.2.0.jre [29])
2025-03-13 22:10:39,895 [Worker-102: Launching Executing install in D__workspacesreenutechnologies_class_parent-pom] INFO  o.eclipse.m2e.core.internal.Bundles - 	Entry: D:\software\sts\sts-4.24.0.RELEASE\plugins\com.google.guava_33.2.0.jre.jar
2025-03-13 22:10:39,895 [Worker-102: Launching Executing install in D__workspacesreenutechnologies_class_parent-pom] INFO  o.eclipse.m2e.core.internal.Bundles - getClasspathEntries(Bundle=slf4j.api_2.0.13 [592])
2025-03-13 22:10:39,896 [Worker-102: Launching Executing install in D__workspacesreenutechnologies_class_parent-pom] INFO  o.eclipse.m2e.core.internal.Bundles - 	Entry: D:\software\sts\sts-4.24.0.RELEASE\plugins\slf4j.api_2.0.13.jar
2025-03-13 22:10:39,896 [Worker-102: Launching Executing install in D__workspacesreenutechnologies_class_parent-pom] INFO  o.eclipse.m2e.core.internal.Bundles - getClasspathEntries(Bundle=jakarta.inject.jakarta.inject-api_1.0.5 [44])
2025-03-13 22:10:39,897 [Worker-102: Launching Executing install in D__workspacesreenutechnologies_class_parent-pom] INFO  o.eclipse.m2e.core.internal.Bundles - 	Entry: D:\software\sts\sts-4.24.0.RELEASE\plugins\jakarta.inject.jakarta.inject-api_1.0.5.jar
2025-03-13 22:10:39,897 [Worker-102: Launching Executing install in D__workspacesreenutechnologies_class_parent-pom] INFO  o.eclipse.m2e.core.internal.Bundles - getClasspathEntries(Bundle=javax.annotation_1.3.5.v20200909-1856 [53])
2025-03-13 22:10:39,897 [Worker-102: Launching Executing install in D__workspacesreenutechnologies_class_parent-pom] INFO  o.eclipse.m2e.core.internal.Bundles - 	Entry: D:\software\sts\sts-4.24.0.RELEASE\plugins\javax.annotation_1.3.5.v20200909-1856.jar
2025-03-13 22:10:39,897 [Worker-102: Launching Executing install in D__workspacesreenutechnologies_class_parent-pom] INFO  o.eclipse.m2e.core.internal.Bundles - getClasspathEntries(Bundle=org.apache.commons.cli_1.8.0 [76])
2025-03-13 22:10:39,898 [Worker-102: Launching Executing install in D__workspacesreenutechnologies_class_parent-pom] INFO  o.eclipse.m2e.core.internal.Bundles - 	Entry: D:\software\sts\sts-4.24.0.RELEASE\plugins\org.apache.commons.cli_1.8.0.jar
2025-03-13 22:10:39,918 [Worker-102: Launching Executing install in D__workspacesreenutechnologies_class_parent-pom] INFO  o.eclipse.m2e.core.internal.Bundles - getClasspathEntries(Bundle=org.apache.commons.commons-codec_1.16.0 [78])
2025-03-13 22:10:39,919 [Worker-102: Launching Executing install in D__workspacesreenutechnologies_class_parent-pom] INFO  o.eclipse.m2e.core.internal.Bundles - 	Entry: D:\software\sts\sts-4.24.0.RELEASE\plugins\org.apache.commons.commons-codec_1.16.0.jar
2025-03-13 22:10:39,919 [Worker-102: Launching Executing install in D__workspacesreenutechnologies_class_parent-pom] INFO  o.eclipse.m2e.core.internal.Bundles - getClasspathEntries(Bundle=org.apache.commons.lang3_3.14.0 [82])
2025-03-13 22:10:39,920 [Worker-102: Launching Executing install in D__workspacesreenutechnologies_class_parent-pom] INFO  o.eclipse.m2e.core.internal.Bundles - 	Entry: D:\software\sts\sts-4.24.0.RELEASE\plugins\org.apache.commons.lang3_3.14.0.jar
2025-03-13 22:10:39,920 [Worker-102: Launching Executing install in D__workspacesreenutechnologies_class_parent-pom] INFO  o.eclipse.m2e.core.internal.Bundles - getClasspathEntries(Bundle=com.google.guava.failureaccess_1.0.2 [30])
2025-03-13 22:10:39,921 [Worker-102: Launching Executing install in D__workspacesreenutechnologies_class_parent-pom] INFO  o.eclipse.m2e.core.internal.Bundles - 	Entry: D:\software\sts\sts-4.24.0.RELEASE\plugins\com.google.guava.failureaccess_1.0.2.jar
2025-03-13 22:10:40,415 [Worker-102: Launching Executing install in D__workspacesreenutechnologies_class_parent-pom] INFO  o.e.m.i.launch.MavenLaunchDelegate - Run build in "D:\workspacesreenutechnologies\class\parent-pom":
2025-03-13 22:10:40,415 [Worker-102: Launching Executing install in D__workspacesreenutechnologies_class_parent-pom] INFO  o.e.m.i.launch.MavenLaunchDelegate -  mvn  -B -Dstyle.color=always install
2025-03-13 22:19:44,156 [main] INFO  o.e.m2e.actions.ExecutePomAction - Creating new launch configuration
2025-03-13 22:19:56,772 [Worker-107: Launching parent-pom] INFO  o.eclipse.m2e.core.internal.Bundles - getClasspathEntries(Bundle=org.eclipse.m2e.maven.runtime_3.9.700.20240602-2313 [359])
2025-03-13 22:19:56,773 [Worker-107: Launching parent-pom] INFO  o.eclipse.m2e.core.internal.Bundles - 	Entry: D:\software\sts\sts-4.24.0.RELEASE\plugins\org.eclipse.m2e.maven.runtime_3.9.700.20240602-2313
2025-03-13 22:19:56,774 [Worker-107: Launching parent-pom] INFO  o.eclipse.m2e.core.internal.Bundles - 	Entry: D:\software\sts\sts-4.24.0.RELEASE\plugins\org.eclipse.m2e.maven.runtime_3.9.700.20240602-2313\jars\aopalliance-1.0.jar
2025-03-13 22:19:56,774 [Worker-107: Launching parent-pom] INFO  o.eclipse.m2e.core.internal.Bundles - 	Entry: D:\software\sts\sts-4.24.0.RELEASE\plugins\org.eclipse.m2e.maven.runtime_3.9.700.20240602-2313\jars\guice-5.1.0.jar
2025-03-13 22:19:56,774 [Worker-107: Launching parent-pom] INFO  o.eclipse.m2e.core.internal.Bundles - 	Entry: D:\software\sts\sts-4.24.0.RELEASE\plugins\org.eclipse.m2e.maven.runtime_3.9.700.20240602-2313\jars\httpclient-4.5.14.jar
2025-03-13 22:19:56,774 [Worker-107: Launching parent-pom] INFO  o.eclipse.m2e.core.internal.Bundles - 	Entry: D:\software\sts\sts-4.24.0.RELEASE\plugins\org.eclipse.m2e.maven.runtime_3.9.700.20240602-2313\jars\httpcore-4.4.16.jar
2025-03-13 22:19:56,774 [Worker-107: Launching parent-pom] INFO  o.eclipse.m2e.core.internal.Bundles - 	Entry: D:\software\sts\sts-4.24.0.RELEASE\plugins\org.eclipse.m2e.maven.runtime_3.9.700.20240602-2313\jars\jansi-2.4.1.jar
2025-03-13 22:19:56,774 [Worker-107: Launching parent-pom] INFO  o.eclipse.m2e.core.internal.Bundles - 	Entry: D:\software\sts\sts-4.24.0.RELEASE\plugins\org.eclipse.m2e.maven.runtime_3.9.700.20240602-2313\jars\jcl-over-slf4j-1.7.36.jar
2025-03-13 22:19:56,774 [Worker-107: Launching parent-pom] INFO  o.eclipse.m2e.core.internal.Bundles - 	Entry: D:\software\sts\sts-4.24.0.RELEASE\plugins\org.eclipse.m2e.maven.runtime_3.9.700.20240602-2313\jars\maven-artifact-3.9.7.jar
2025-03-13 22:19:56,774 [Worker-107: Launching parent-pom] INFO  o.eclipse.m2e.core.internal.Bundles - 	Entry: D:\software\sts\sts-4.24.0.RELEASE\plugins\org.eclipse.m2e.maven.runtime_3.9.700.20240602-2313\jars\maven-builder-support-3.9.7.jar
2025-03-13 22:19:56,774 [Worker-107: Launching parent-pom] INFO  o.eclipse.m2e.core.internal.Bundles - 	Entry: D:\software\sts\sts-4.24.0.RELEASE\plugins\org.eclipse.m2e.maven.runtime_3.9.700.20240602-2313\jars\maven-compat-3.9.7.jar
2025-03-13 22:19:56,775 [Worker-107: Launching parent-pom] INFO  o.eclipse.m2e.core.internal.Bundles - 	Entry: D:\software\sts\sts-4.24.0.RELEASE\plugins\org.eclipse.m2e.maven.runtime_3.9.700.20240602-2313\jars\maven-core-3.9.7.jar
2025-03-13 22:19:56,775 [Worker-107: Launching parent-pom] INFO  o.eclipse.m2e.core.internal.Bundles - 	Entry: D:\software\sts\sts-4.24.0.RELEASE\plugins\org.eclipse.m2e.maven.runtime_3.9.700.20240602-2313\jars\maven-embedder-3.9.7.jar
2025-03-13 22:19:56,775 [Worker-107: Launching parent-pom] INFO  o.eclipse.m2e.core.internal.Bundles - 	Entry: D:\software\sts\sts-4.24.0.RELEASE\plugins\org.eclipse.m2e.maven.runtime_3.9.700.20240602-2313\jars\maven-model-3.9.7.jar
2025-03-13 22:19:56,775 [Worker-107: Launching parent-pom] INFO  o.eclipse.m2e.core.internal.Bundles - 	Entry: D:\software\sts\sts-4.24.0.RELEASE\plugins\org.eclipse.m2e.maven.runtime_3.9.700.20240602-2313\jars\maven-model-builder-3.9.7.jar
2025-03-13 22:19:56,775 [Worker-107: Launching parent-pom] INFO  o.eclipse.m2e.core.internal.Bundles - 	Entry: D:\software\sts\sts-4.24.0.RELEASE\plugins\org.eclipse.m2e.maven.runtime_3.9.700.20240602-2313\jars\maven-plugin-api-3.9.7.jar
2025-03-13 22:19:56,775 [Worker-107: Launching parent-pom] INFO  o.eclipse.m2e.core.internal.Bundles - 	Entry: D:\software\sts\sts-4.24.0.RELEASE\plugins\org.eclipse.m2e.maven.runtime_3.9.700.20240602-2313\jars\maven-repository-metadata-3.9.7.jar
2025-03-13 22:19:56,775 [Worker-107: Launching parent-pom] INFO  o.eclipse.m2e.core.internal.Bundles - 	Entry: D:\software\sts\sts-4.24.0.RELEASE\plugins\org.eclipse.m2e.maven.runtime_3.9.700.20240602-2313\jars\maven-resolver-api-1.9.20.jar
2025-03-13 22:19:56,775 [Worker-107: Launching parent-pom] INFO  o.eclipse.m2e.core.internal.Bundles - 	Entry: D:\software\sts\sts-4.24.0.RELEASE\plugins\org.eclipse.m2e.maven.runtime_3.9.700.20240602-2313\jars\maven-resolver-connector-basic-1.9.20.jar
2025-03-13 22:19:56,775 [Worker-107: Launching parent-pom] INFO  o.eclipse.m2e.core.internal.Bundles - 	Entry: D:\software\sts\sts-4.24.0.RELEASE\plugins\org.eclipse.m2e.maven.runtime_3.9.700.20240602-2313\jars\maven-resolver-impl-1.9.20.jar
2025-03-13 22:19:56,776 [Worker-107: Launching parent-pom] INFO  o.eclipse.m2e.core.internal.Bundles - 	Entry: D:\software\sts\sts-4.24.0.RELEASE\plugins\org.eclipse.m2e.maven.runtime_3.9.700.20240602-2313\jars\maven-resolver-named-locks-1.9.20.jar
2025-03-13 22:19:56,776 [Worker-107: Launching parent-pom] INFO  o.eclipse.m2e.core.internal.Bundles - 	Entry: D:\software\sts\sts-4.24.0.RELEASE\plugins\org.eclipse.m2e.maven.runtime_3.9.700.20240602-2313\jars\maven-resolver-provider-3.9.7.jar
2025-03-13 22:19:56,776 [Worker-107: Launching parent-pom] INFO  o.eclipse.m2e.core.internal.Bundles - 	Entry: D:\software\sts\sts-4.24.0.RELEASE\plugins\org.eclipse.m2e.maven.runtime_3.9.700.20240602-2313\jars\maven-resolver-spi-1.9.20.jar
2025-03-13 22:19:56,776 [Worker-107: Launching parent-pom] INFO  o.eclipse.m2e.core.internal.Bundles - 	Entry: D:\software\sts\sts-4.24.0.RELEASE\plugins\org.eclipse.m2e.maven.runtime_3.9.700.20240602-2313\jars\maven-resolver-transport-file-1.9.20.jar
2025-03-13 22:19:56,776 [Worker-107: Launching parent-pom] INFO  o.eclipse.m2e.core.internal.Bundles - 	Entry: D:\software\sts\sts-4.24.0.RELEASE\plugins\org.eclipse.m2e.maven.runtime_3.9.700.20240602-2313\jars\maven-resolver-transport-http-1.9.20.jar
2025-03-13 22:19:56,776 [Worker-107: Launching parent-pom] INFO  o.eclipse.m2e.core.internal.Bundles - 	Entry: D:\software\sts\sts-4.24.0.RELEASE\plugins\org.eclipse.m2e.maven.runtime_3.9.700.20240602-2313\jars\maven-resolver-transport-wagon-1.9.20.jar
2025-03-13 22:19:56,776 [Worker-107: Launching parent-pom] INFO  o.eclipse.m2e.core.internal.Bundles - 	Entry: D:\software\sts\sts-4.24.0.RELEASE\plugins\org.eclipse.m2e.maven.runtime_3.9.700.20240602-2313\jars\maven-resolver-util-1.9.20.jar
2025-03-13 22:19:56,776 [Worker-107: Launching parent-pom] INFO  o.eclipse.m2e.core.internal.Bundles - 	Entry: D:\software\sts\sts-4.24.0.RELEASE\plugins\org.eclipse.m2e.maven.runtime_3.9.700.20240602-2313\jars\maven-settings-3.9.7.jar
2025-03-13 22:19:56,776 [Worker-107: Launching parent-pom] INFO  o.eclipse.m2e.core.internal.Bundles - 	Entry: D:\software\sts\sts-4.24.0.RELEASE\plugins\org.eclipse.m2e.maven.runtime_3.9.700.20240602-2313\jars\maven-settings-builder-3.9.7.jar
2025-03-13 22:19:56,776 [Worker-107: Launching parent-pom] INFO  o.eclipse.m2e.core.internal.Bundles - 	Entry: D:\software\sts\sts-4.24.0.RELEASE\plugins\org.eclipse.m2e.maven.runtime_3.9.700.20240602-2313\jars\maven-shared-utils-3.4.2.jar
2025-03-13 22:19:56,776 [Worker-107: Launching parent-pom] INFO  o.eclipse.m2e.core.internal.Bundles - 	Entry: D:\software\sts\sts-4.24.0.RELEASE\plugins\org.eclipse.m2e.maven.runtime_3.9.700.20240602-2313\jars\org.eclipse.sisu.inject-0.9.0.M2.jar
2025-03-13 22:19:56,777 [Worker-107: Launching parent-pom] INFO  o.eclipse.m2e.core.internal.Bundles - 	Entry: D:\software\sts\sts-4.24.0.RELEASE\plugins\org.eclipse.m2e.maven.runtime_3.9.700.20240602-2313\jars\org.eclipse.sisu.plexus-0.9.0.M2.jar
2025-03-13 22:19:56,777 [Worker-107: Launching parent-pom] INFO  o.eclipse.m2e.core.internal.Bundles - 	Entry: D:\software\sts\sts-4.24.0.RELEASE\plugins\org.eclipse.m2e.maven.runtime_3.9.700.20240602-2313\jars\plexus-build-api-0.0.7.jar
2025-03-13 22:19:56,777 [Worker-107: Launching parent-pom] INFO  o.eclipse.m2e.core.internal.Bundles - 	Entry: D:\software\sts\sts-4.24.0.RELEASE\plugins\org.eclipse.m2e.maven.runtime_3.9.700.20240602-2313\jars\plexus-build-api-1.2.0.jar
2025-03-13 22:19:56,777 [Worker-107: Launching parent-pom] INFO  o.eclipse.m2e.core.internal.Bundles - 	Entry: D:\software\sts\sts-4.24.0.RELEASE\plugins\org.eclipse.m2e.maven.runtime_3.9.700.20240602-2313\jars\plexus-cipher-2.0.jar
2025-03-13 22:19:56,777 [Worker-107: Launching parent-pom] INFO  o.eclipse.m2e.core.internal.Bundles - 	Entry: D:\software\sts\sts-4.24.0.RELEASE\plugins\org.eclipse.m2e.maven.runtime_3.9.700.20240602-2313\jars\plexus-classworlds-2.8.0.jar
2025-03-13 22:19:56,777 [Worker-107: Launching parent-pom] INFO  o.eclipse.m2e.core.internal.Bundles - 	Entry: D:\software\sts\sts-4.24.0.RELEASE\plugins\org.eclipse.m2e.maven.runtime_3.9.700.20240602-2313\jars\plexus-component-annotations-2.1.0.jar
2025-03-13 22:19:56,777 [Worker-107: Launching parent-pom] INFO  o.eclipse.m2e.core.internal.Bundles - 	Entry: D:\software\sts\sts-4.24.0.RELEASE\plugins\org.eclipse.m2e.maven.runtime_3.9.700.20240602-2313\jars\plexus-interpolation-1.27.jar
2025-03-13 22:19:56,777 [Worker-107: Launching parent-pom] INFO  o.eclipse.m2e.core.internal.Bundles - 	Entry: D:\software\sts\sts-4.24.0.RELEASE\plugins\org.eclipse.m2e.maven.runtime_3.9.700.20240602-2313\jars\plexus-sec-dispatcher-2.0.jar
2025-03-13 22:19:56,777 [Worker-107: Launching parent-pom] INFO  o.eclipse.m2e.core.internal.Bundles - 	Entry: D:\software\sts\sts-4.24.0.RELEASE\plugins\org.eclipse.m2e.maven.runtime_3.9.700.20240602-2313\jars\plexus-utils-3.5.1.jar
2025-03-13 22:19:56,777 [Worker-107: Launching parent-pom] INFO  o.eclipse.m2e.core.internal.Bundles - 	Entry: D:\software\sts\sts-4.24.0.RELEASE\plugins\org.eclipse.m2e.maven.runtime_3.9.700.20240602-2313\jars\wagon-file-3.5.3.jar
2025-03-13 22:19:56,777 [Worker-107: Launching parent-pom] INFO  o.eclipse.m2e.core.internal.Bundles - 	Entry: D:\software\sts\sts-4.24.0.RELEASE\plugins\org.eclipse.m2e.maven.runtime_3.9.700.20240602-2313\jars\wagon-http-3.5.3.jar
2025-03-13 22:19:56,777 [Worker-107: Launching parent-pom] INFO  o.eclipse.m2e.core.internal.Bundles - 	Entry: D:\software\sts\sts-4.24.0.RELEASE\plugins\org.eclipse.m2e.maven.runtime_3.9.700.20240602-2313\jars\wagon-http-shared-3.5.3.jar
2025-03-13 22:19:56,782 [Worker-107: Launching parent-pom] INFO  o.eclipse.m2e.core.internal.Bundles - 	Entry: D:\software\sts\sts-4.24.0.RELEASE\plugins\org.eclipse.m2e.maven.runtime_3.9.700.20240602-2313\jars\wagon-provider-api-3.5.3.jar
2025-03-13 22:19:56,782 [Worker-107: Launching parent-pom] INFO  o.eclipse.m2e.core.internal.Bundles - getClasspathEntries(Bundle=com.google.guava_33.2.0.jre [29])
2025-03-13 22:19:56,783 [Worker-107: Launching parent-pom] INFO  o.eclipse.m2e.core.internal.Bundles - 	Entry: D:\software\sts\sts-4.24.0.RELEASE\plugins\com.google.guava_33.2.0.jre.jar
2025-03-13 22:19:56,783 [Worker-107: Launching parent-pom] INFO  o.eclipse.m2e.core.internal.Bundles - getClasspathEntries(Bundle=slf4j.api_2.0.13 [592])
2025-03-13 22:19:56,785 [Worker-107: Launching parent-pom] INFO  o.eclipse.m2e.core.internal.Bundles - 	Entry: D:\software\sts\sts-4.24.0.RELEASE\plugins\slf4j.api_2.0.13.jar
2025-03-13 22:19:56,785 [Worker-107: Launching parent-pom] INFO  o.eclipse.m2e.core.internal.Bundles - getClasspathEntries(Bundle=jakarta.inject.jakarta.inject-api_1.0.5 [44])
2025-03-13 22:19:56,786 [Worker-107: Launching parent-pom] INFO  o.eclipse.m2e.core.internal.Bundles - 	Entry: D:\software\sts\sts-4.24.0.RELEASE\plugins\jakarta.inject.jakarta.inject-api_1.0.5.jar
2025-03-13 22:19:56,786 [Worker-107: Launching parent-pom] INFO  o.eclipse.m2e.core.internal.Bundles - getClasspathEntries(Bundle=javax.annotation_1.3.5.v20200909-1856 [53])
2025-03-13 22:19:56,786 [Worker-107: Launching parent-pom] INFO  o.eclipse.m2e.core.internal.Bundles - 	Entry: D:\software\sts\sts-4.24.0.RELEASE\plugins\javax.annotation_1.3.5.v20200909-1856.jar
2025-03-13 22:19:56,786 [Worker-107: Launching parent-pom] INFO  o.eclipse.m2e.core.internal.Bundles - getClasspathEntries(Bundle=org.apache.commons.cli_1.8.0 [76])
2025-03-13 22:19:56,787 [Worker-107: Launching parent-pom] INFO  o.eclipse.m2e.core.internal.Bundles - 	Entry: D:\software\sts\sts-4.24.0.RELEASE\plugins\org.apache.commons.cli_1.8.0.jar
2025-03-13 22:19:56,787 [Worker-107: Launching parent-pom] INFO  o.eclipse.m2e.core.internal.Bundles - getClasspathEntries(Bundle=org.apache.commons.commons-codec_1.16.0 [78])
2025-03-13 22:19:56,787 [Worker-107: Launching parent-pom] INFO  o.eclipse.m2e.core.internal.Bundles - 	Entry: D:\software\sts\sts-4.24.0.RELEASE\plugins\org.apache.commons.commons-codec_1.16.0.jar
2025-03-13 22:19:56,788 [Worker-107: Launching parent-pom] INFO  o.eclipse.m2e.core.internal.Bundles - getClasspathEntries(Bundle=org.apache.commons.lang3_3.14.0 [82])
2025-03-13 22:19:56,788 [Worker-107: Launching parent-pom] INFO  o.eclipse.m2e.core.internal.Bundles - 	Entry: D:\software\sts\sts-4.24.0.RELEASE\plugins\org.apache.commons.lang3_3.14.0.jar
2025-03-13 22:19:56,788 [Worker-107: Launching parent-pom] INFO  o.eclipse.m2e.core.internal.Bundles - getClasspathEntries(Bundle=com.google.guava.failureaccess_1.0.2 [30])
2025-03-13 22:19:56,789 [Worker-107: Launching parent-pom] INFO  o.eclipse.m2e.core.internal.Bundles - 	Entry: D:\software\sts\sts-4.24.0.RELEASE\plugins\com.google.guava.failureaccess_1.0.2.jar
2025-03-13 22:19:56,792 [Worker-107: Launching parent-pom] INFO  o.e.m.i.launch.MavenLaunchDelegate - Run build in "D:\workspacesreenutechnologies\class\parent-pom":
2025-03-13 22:19:56,792 [Worker-107: Launching parent-pom] INFO  o.e.m.i.launch.MavenLaunchDelegate -  mvn  -B -Dstyle.color=always 
2025-03-13 22:19:58,368 [Worker-112: Building] INFO  o.e.m.c.i.l.LifecycleMappingFactory - Using NULL lifecycle mapping for MavenProject: com.fzktech.parent:parent-pom:1.0.0-SNAPSHOT @ D:\workspacesreenutechnologies\class\parent-pom\pom.xml.
2025-03-13 22:20:10,975 [Worker-113: Searching...] INFO  o.eclipse.m2e.core.internal.Bundles - getClasspathEntries(Bundle=org.eclipse.m2e.workspace.cli_0.3.1 [368])
2025-03-13 22:20:10,979 [Worker-113: Searching...] INFO  o.eclipse.m2e.core.internal.Bundles - 	Entry: D:\software\sts\sts-4.24.0.RELEASE\plugins\org.eclipse.m2e.workspace.cli_0.3.1.jar
2025-03-13 22:20:12,999 [Worker-113: Searching...] INFO  o.e.m.c.i.e.AbstractTransferListenerAdapter - Downloading https://repo.maven.apache.org/maven2/io/takari/m2e/workspace/org.eclipse.m2e.workspace.cli/0.3.1/org.eclipse.m2e.workspace.cli-0.3.1-sources.jar
2025-03-13 22:20:13,201 [Worker-113: Searching...] INFO  o.e.m.c.i.e.AbstractTransferListenerAdapter - Downloaded https://repo.maven.apache.org/maven2/io/takari/m2e/workspace/org.eclipse.m2e.workspace.cli/0.3.1/org.eclipse.m2e.workspace.cli-0.3.1-sources.jar
2025-03-13 22:20:13,223 [Worker-113: Searching...] INFO  o.eclipse.m2e.core.internal.Bundles - getClasspathEntries(Bundle=org.eclipse.m2e.maven.runtime_3.9.700.20240602-2313 [359])
2025-03-13 22:20:13,224 [Worker-113: Searching...] INFO  o.eclipse.m2e.core.internal.Bundles - 	Entry: D:\software\sts\sts-4.24.0.RELEASE\plugins\org.eclipse.m2e.maven.runtime_3.9.700.20240602-2313
2025-03-13 22:20:13,224 [Worker-113: Searching...] INFO  o.eclipse.m2e.core.internal.Bundles - 	Entry: D:\software\sts\sts-4.24.0.RELEASE\plugins\org.eclipse.m2e.maven.runtime_3.9.700.20240602-2313\jars\aopalliance-1.0.jar
2025-03-13 22:20:13,224 [Worker-113: Searching...] INFO  o.eclipse.m2e.core.internal.Bundles - 	Entry: D:\software\sts\sts-4.24.0.RELEASE\plugins\org.eclipse.m2e.maven.runtime_3.9.700.20240602-2313\jars\guice-5.1.0.jar
2025-03-13 22:20:13,225 [Worker-113: Searching...] INFO  o.eclipse.m2e.core.internal.Bundles - 	Entry: D:\software\sts\sts-4.24.0.RELEASE\plugins\org.eclipse.m2e.maven.runtime_3.9.700.20240602-2313\jars\httpclient-4.5.14.jar
2025-03-13 22:20:13,225 [Worker-113: Searching...] INFO  o.eclipse.m2e.core.internal.Bundles - 	Entry: D:\software\sts\sts-4.24.0.RELEASE\plugins\org.eclipse.m2e.maven.runtime_3.9.700.20240602-2313\jars\httpcore-4.4.16.jar
2025-03-13 22:20:13,225 [Worker-113: Searching...] INFO  o.eclipse.m2e.core.internal.Bundles - 	Entry: D:\software\sts\sts-4.24.0.RELEASE\plugins\org.eclipse.m2e.maven.runtime_3.9.700.20240602-2313\jars\jansi-2.4.1.jar
2025-03-13 22:20:13,225 [Worker-113: Searching...] INFO  o.eclipse.m2e.core.internal.Bundles - 	Entry: D:\software\sts\sts-4.24.0.RELEASE\plugins\org.eclipse.m2e.maven.runtime_3.9.700.20240602-2313\jars\jcl-over-slf4j-1.7.36.jar
2025-03-13 22:20:13,225 [Worker-113: Searching...] INFO  o.eclipse.m2e.core.internal.Bundles - 	Entry: D:\software\sts\sts-4.24.0.RELEASE\plugins\org.eclipse.m2e.maven.runtime_3.9.700.20240602-2313\jars\maven-artifact-3.9.7.jar
2025-03-13 22:20:13,225 [Worker-113: Searching...] INFO  o.eclipse.m2e.core.internal.Bundles - 	Entry: D:\software\sts\sts-4.24.0.RELEASE\plugins\org.eclipse.m2e.maven.runtime_3.9.700.20240602-2313\jars\maven-builder-support-3.9.7.jar
2025-03-13 22:20:13,225 [Worker-113: Searching...] INFO  o.eclipse.m2e.core.internal.Bundles - 	Entry: D:\software\sts\sts-4.24.0.RELEASE\plugins\org.eclipse.m2e.maven.runtime_3.9.700.20240602-2313\jars\maven-compat-3.9.7.jar
2025-03-13 22:20:13,225 [Worker-113: Searching...] INFO  o.eclipse.m2e.core.internal.Bundles - 	Entry: D:\software\sts\sts-4.24.0.RELEASE\plugins\org.eclipse.m2e.maven.runtime_3.9.700.20240602-2313\jars\maven-core-3.9.7.jar
2025-03-13 22:20:13,226 [Worker-113: Searching...] INFO  o.eclipse.m2e.core.internal.Bundles - 	Entry: D:\software\sts\sts-4.24.0.RELEASE\plugins\org.eclipse.m2e.maven.runtime_3.9.700.20240602-2313\jars\maven-embedder-3.9.7.jar
2025-03-13 22:20:13,226 [Worker-113: Searching...] INFO  o.eclipse.m2e.core.internal.Bundles - 	Entry: D:\software\sts\sts-4.24.0.RELEASE\plugins\org.eclipse.m2e.maven.runtime_3.9.700.20240602-2313\jars\maven-model-3.9.7.jar
2025-03-13 22:20:13,226 [Worker-113: Searching...] INFO  o.eclipse.m2e.core.internal.Bundles - 	Entry: D:\software\sts\sts-4.24.0.RELEASE\plugins\org.eclipse.m2e.maven.runtime_3.9.700.20240602-2313\jars\maven-model-builder-3.9.7.jar
2025-03-13 22:20:13,226 [Worker-113: Searching...] INFO  o.eclipse.m2e.core.internal.Bundles - 	Entry: D:\software\sts\sts-4.24.0.RELEASE\plugins\org.eclipse.m2e.maven.runtime_3.9.700.20240602-2313\jars\maven-plugin-api-3.9.7.jar
2025-03-13 22:20:13,226 [Worker-113: Searching...] INFO  o.eclipse.m2e.core.internal.Bundles - 	Entry: D:\software\sts\sts-4.24.0.RELEASE\plugins\org.eclipse.m2e.maven.runtime_3.9.700.20240602-2313\jars\maven-repository-metadata-3.9.7.jar
2025-03-13 22:20:13,226 [Worker-113: Searching...] INFO  o.eclipse.m2e.core.internal.Bundles - 	Entry: D:\software\sts\sts-4.24.0.RELEASE\plugins\org.eclipse.m2e.maven.runtime_3.9.700.20240602-2313\jars\maven-resolver-api-1.9.20.jar
2025-03-13 22:20:13,226 [Worker-113: Searching...] INFO  o.eclipse.m2e.core.internal.Bundles - 	Entry: D:\software\sts\sts-4.24.0.RELEASE\plugins\org.eclipse.m2e.maven.runtime_3.9.700.20240602-2313\jars\maven-resolver-connector-basic-1.9.20.jar
2025-03-13 22:20:13,226 [Worker-113: Searching...] INFO  o.eclipse.m2e.core.internal.Bundles - 	Entry: D:\software\sts\sts-4.24.0.RELEASE\plugins\org.eclipse.m2e.maven.runtime_3.9.700.20240602-2313\jars\maven-resolver-impl-1.9.20.jar
2025-03-13 22:20:13,226 [Worker-113: Searching...] INFO  o.eclipse.m2e.core.internal.Bundles - 	Entry: D:\software\sts\sts-4.24.0.RELEASE\plugins\org.eclipse.m2e.maven.runtime_3.9.700.20240602-2313\jars\maven-resolver-named-locks-1.9.20.jar
2025-03-13 22:20:13,227 [Worker-113: Searching...] INFO  o.eclipse.m2e.core.internal.Bundles - 	Entry: D:\software\sts\sts-4.24.0.RELEASE\plugins\org.eclipse.m2e.maven.runtime_3.9.700.20240602-2313\jars\maven-resolver-provider-3.9.7.jar
2025-03-13 22:20:13,227 [Worker-113: Searching...] INFO  o.eclipse.m2e.core.internal.Bundles - 	Entry: D:\software\sts\sts-4.24.0.RELEASE\plugins\org.eclipse.m2e.maven.runtime_3.9.700.20240602-2313\jars\maven-resolver-spi-1.9.20.jar
2025-03-13 22:20:13,227 [Worker-113: Searching...] INFO  o.eclipse.m2e.core.internal.Bundles - 	Entry: D:\software\sts\sts-4.24.0.RELEASE\plugins\org.eclipse.m2e.maven.runtime_3.9.700.20240602-2313\jars\maven-resolver-transport-file-1.9.20.jar
2025-03-13 22:20:13,227 [Worker-113: Searching...] INFO  o.eclipse.m2e.core.internal.Bundles - 	Entry: D:\software\sts\sts-4.24.0.RELEASE\plugins\org.eclipse.m2e.maven.runtime_3.9.700.20240602-2313\jars\maven-resolver-transport-http-1.9.20.jar
2025-03-13 22:20:13,227 [Worker-113: Searching...] INFO  o.eclipse.m2e.core.internal.Bundles - 	Entry: D:\software\sts\sts-4.24.0.RELEASE\plugins\org.eclipse.m2e.maven.runtime_3.9.700.20240602-2313\jars\maven-resolver-transport-wagon-1.9.20.jar
2025-03-13 22:20:13,227 [Worker-113: Searching...] INFO  o.eclipse.m2e.core.internal.Bundles - 	Entry: D:\software\sts\sts-4.24.0.RELEASE\plugins\org.eclipse.m2e.maven.runtime_3.9.700.20240602-2313\jars\maven-resolver-util-1.9.20.jar
2025-03-13 22:20:13,227 [Worker-113: Searching...] INFO  o.eclipse.m2e.core.internal.Bundles - 	Entry: D:\software\sts\sts-4.24.0.RELEASE\plugins\org.eclipse.m2e.maven.runtime_3.9.700.20240602-2313\jars\maven-settings-3.9.7.jar
2025-03-13 22:20:13,228 [Worker-113: Searching...] INFO  o.eclipse.m2e.core.internal.Bundles - 	Entry: D:\software\sts\sts-4.24.0.RELEASE\plugins\org.eclipse.m2e.maven.runtime_3.9.700.20240602-2313\jars\maven-settings-builder-3.9.7.jar
2025-03-13 22:20:13,228 [Worker-113: Searching...] INFO  o.eclipse.m2e.core.internal.Bundles - 	Entry: D:\software\sts\sts-4.24.0.RELEASE\plugins\org.eclipse.m2e.maven.runtime_3.9.700.20240602-2313\jars\maven-shared-utils-3.4.2.jar
2025-03-13 22:20:13,228 [Worker-113: Searching...] INFO  o.eclipse.m2e.core.internal.Bundles - 	Entry: D:\software\sts\sts-4.24.0.RELEASE\plugins\org.eclipse.m2e.maven.runtime_3.9.700.20240602-2313\jars\org.eclipse.sisu.inject-0.9.0.M2.jar
2025-03-13 22:20:13,228 [Worker-113: Searching...] INFO  o.eclipse.m2e.core.internal.Bundles - 	Entry: D:\software\sts\sts-4.24.0.RELEASE\plugins\org.eclipse.m2e.maven.runtime_3.9.700.20240602-2313\jars\org.eclipse.sisu.plexus-0.9.0.M2.jar
2025-03-13 22:20:13,228 [Worker-113: Searching...] INFO  o.eclipse.m2e.core.internal.Bundles - 	Entry: D:\software\sts\sts-4.24.0.RELEASE\plugins\org.eclipse.m2e.maven.runtime_3.9.700.20240602-2313\jars\plexus-build-api-0.0.7.jar
2025-03-13 22:20:13,228 [Worker-113: Searching...] INFO  o.eclipse.m2e.core.internal.Bundles - 	Entry: D:\software\sts\sts-4.24.0.RELEASE\plugins\org.eclipse.m2e.maven.runtime_3.9.700.20240602-2313\jars\plexus-build-api-1.2.0.jar
2025-03-13 22:20:13,228 [Worker-113: Searching...] INFO  o.eclipse.m2e.core.internal.Bundles - 	Entry: D:\software\sts\sts-4.24.0.RELEASE\plugins\org.eclipse.m2e.maven.runtime_3.9.700.20240602-2313\jars\plexus-cipher-2.0.jar
2025-03-13 22:20:13,228 [Worker-113: Searching...] INFO  o.eclipse.m2e.core.internal.Bundles - 	Entry: D:\software\sts\sts-4.24.0.RELEASE\plugins\org.eclipse.m2e.maven.runtime_3.9.700.20240602-2313\jars\plexus-classworlds-2.8.0.jar
2025-03-13 22:20:13,228 [Worker-113: Searching...] INFO  o.eclipse.m2e.core.internal.Bundles - 	Entry: D:\software\sts\sts-4.24.0.RELEASE\plugins\org.eclipse.m2e.maven.runtime_3.9.700.20240602-2313\jars\plexus-component-annotations-2.1.0.jar
2025-03-13 22:20:13,265 [Worker-113: Searching...] INFO  o.eclipse.m2e.core.internal.Bundles - 	Entry: D:\software\sts\sts-4.24.0.RELEASE\plugins\org.eclipse.m2e.maven.runtime_3.9.700.20240602-2313\jars\plexus-interpolation-1.27.jar
2025-03-13 22:20:13,265 [Worker-113: Searching...] INFO  o.eclipse.m2e.core.internal.Bundles - 	Entry: D:\software\sts\sts-4.24.0.RELEASE\plugins\org.eclipse.m2e.maven.runtime_3.9.700.20240602-2313\jars\plexus-sec-dispatcher-2.0.jar
2025-03-13 22:20:13,265 [Worker-113: Searching...] INFO  o.eclipse.m2e.core.internal.Bundles - 	Entry: D:\software\sts\sts-4.24.0.RELEASE\plugins\org.eclipse.m2e.maven.runtime_3.9.700.20240602-2313\jars\plexus-utils-3.5.1.jar
2025-03-13 22:20:13,265 [Worker-113: Searching...] INFO  o.eclipse.m2e.core.internal.Bundles - 	Entry: D:\software\sts\sts-4.24.0.RELEASE\plugins\org.eclipse.m2e.maven.runtime_3.9.700.20240602-2313\jars\wagon-file-3.5.3.jar
2025-03-13 22:20:13,266 [Worker-113: Searching...] INFO  o.eclipse.m2e.core.internal.Bundles - 	Entry: D:\software\sts\sts-4.24.0.RELEASE\plugins\org.eclipse.m2e.maven.runtime_3.9.700.20240602-2313\jars\wagon-http-3.5.3.jar
2025-03-13 22:20:13,266 [Worker-113: Searching...] INFO  o.eclipse.m2e.core.internal.Bundles - 	Entry: D:\software\sts\sts-4.24.0.RELEASE\plugins\org.eclipse.m2e.maven.runtime_3.9.700.20240602-2313\jars\wagon-http-shared-3.5.3.jar
2025-03-13 22:20:13,266 [Worker-113: Searching...] INFO  o.eclipse.m2e.core.internal.Bundles - 	Entry: D:\software\sts\sts-4.24.0.RELEASE\plugins\org.eclipse.m2e.maven.runtime_3.9.700.20240602-2313\jars\wagon-provider-api-3.5.3.jar
2025-03-13 22:20:13,266 [Worker-113: Searching...] INFO  o.eclipse.m2e.core.internal.Bundles - getClasspathEntries(Bundle=com.google.guava_33.2.0.jre [29])
2025-03-13 22:20:13,267 [Worker-113: Searching...] INFO  o.eclipse.m2e.core.internal.Bundles - 	Entry: D:\software\sts\sts-4.24.0.RELEASE\plugins\com.google.guava_33.2.0.jre.jar
2025-03-13 22:20:13,267 [Worker-113: Searching...] INFO  o.eclipse.m2e.core.internal.Bundles - getClasspathEntries(Bundle=slf4j.api_2.0.13 [592])
2025-03-13 22:20:13,268 [Worker-113: Searching...] INFO  o.eclipse.m2e.core.internal.Bundles - 	Entry: D:\software\sts\sts-4.24.0.RELEASE\plugins\slf4j.api_2.0.13.jar
2025-03-13 22:20:13,269 [Worker-113: Searching...] INFO  o.eclipse.m2e.core.internal.Bundles - getClasspathEntries(Bundle=jakarta.inject.jakarta.inject-api_1.0.5 [44])
2025-03-13 22:20:13,270 [Worker-113: Searching...] INFO  o.eclipse.m2e.core.internal.Bundles - 	Entry: D:\software\sts\sts-4.24.0.RELEASE\plugins\jakarta.inject.jakarta.inject-api_1.0.5.jar
2025-03-13 22:20:13,270 [Worker-113: Searching...] INFO  o.eclipse.m2e.core.internal.Bundles - getClasspathEntries(Bundle=javax.annotation_1.3.5.v20200909-1856 [53])
2025-03-13 22:20:13,271 [Worker-113: Searching...] INFO  o.eclipse.m2e.core.internal.Bundles - 	Entry: D:\software\sts\sts-4.24.0.RELEASE\plugins\javax.annotation_1.3.5.v20200909-1856.jar
2025-03-13 22:20:13,271 [Worker-113: Searching...] INFO  o.eclipse.m2e.core.internal.Bundles - getClasspathEntries(Bundle=org.apache.commons.cli_1.8.0 [76])
2025-03-13 22:20:13,272 [Worker-113: Searching...] INFO  o.eclipse.m2e.core.internal.Bundles - 	Entry: D:\software\sts\sts-4.24.0.RELEASE\plugins\org.apache.commons.cli_1.8.0.jar
2025-03-13 22:20:13,273 [Worker-113: Searching...] INFO  o.eclipse.m2e.core.internal.Bundles - getClasspathEntries(Bundle=org.apache.commons.commons-codec_1.16.0 [78])
2025-03-13 22:20:13,274 [Worker-113: Searching...] INFO  o.eclipse.m2e.core.internal.Bundles - 	Entry: D:\software\sts\sts-4.24.0.RELEASE\plugins\org.apache.commons.commons-codec_1.16.0.jar
2025-03-13 22:20:13,274 [Worker-113: Searching...] INFO  o.eclipse.m2e.core.internal.Bundles - getClasspathEntries(Bundle=org.apache.commons.lang3_3.14.0 [82])
2025-03-13 22:20:13,275 [Worker-113: Searching...] INFO  o.eclipse.m2e.core.internal.Bundles - 	Entry: D:\software\sts\sts-4.24.0.RELEASE\plugins\org.apache.commons.lang3_3.14.0.jar
2025-03-13 22:20:13,275 [Worker-113: Searching...] INFO  o.eclipse.m2e.core.internal.Bundles - getClasspathEntries(Bundle=com.google.guava.failureaccess_1.0.2 [30])
2025-03-13 22:20:13,276 [Worker-113: Searching...] INFO  o.eclipse.m2e.core.internal.Bundles - 	Entry: D:\software\sts\sts-4.24.0.RELEASE\plugins\com.google.guava.failureaccess_1.0.2.jar
2025-03-13 22:20:13,567 [Worker-113: Searching...] INFO  o.e.m.c.i.e.AbstractTransferListenerAdapter - Downloading https://repo.maven.apache.org/maven2/org/codehaus/plexus/plexus-classworlds/2.8.0/plexus-classworlds-2.8.0-sources.jar
2025-03-13 22:20:13,767 [Worker-113: Searching...] INFO  o.e.m.c.i.e.AbstractTransferListenerAdapter - Downloaded https://repo.maven.apache.org/maven2/org/codehaus/plexus/plexus-classworlds/2.8.0/plexus-classworlds-2.8.0-sources.jar
2025-03-13 22:20:14,794 [Worker-113: Searching...] INFO  o.e.m.c.i.e.AbstractTransferListenerAdapter - Downloading https://repo.maven.apache.org/maven2/org/apache/httpcomponents/httpclient/4.5.14/httpclient-4.5.14-sources.jar
2025-03-13 22:20:15,009 [Worker-113: Searching...] INFO  o.e.m.c.i.e.AbstractTransferListenerAdapter - Downloaded https://repo.maven.apache.org/maven2/org/apache/httpcomponents/httpclient/4.5.14/httpclient-4.5.14-sources.jar
2025-03-13 22:20:15,198 [Worker-113: Searching...] INFO  o.e.m.c.i.e.AbstractTransferListenerAdapter - Downloading https://repo.maven.apache.org/maven2/org/apache/httpcomponents/httpcore/4.4.16/httpcore-4.4.16-sources.jar
2025-03-13 22:20:15,671 [Worker-113: Searching...] INFO  o.e.m.c.i.e.AbstractTransferListenerAdapter - Downloaded https://repo.maven.apache.org/maven2/org/apache/httpcomponents/httpcore/4.4.16/httpcore-4.4.16-sources.jar
2025-03-13 22:20:15,880 [Worker-113: Searching...] INFO  o.e.m.c.i.e.AbstractTransferListenerAdapter - Downloading https://repo.maven.apache.org/maven2/org/fusesource/jansi/jansi/2.4.1/jansi-2.4.1-sources.jar
2025-03-13 22:20:15,985 [Worker-113: Searching...] INFO  o.e.m.c.i.e.AbstractTransferListenerAdapter - Downloaded https://repo.maven.apache.org/maven2/org/fusesource/jansi/jansi/2.4.1/jansi-2.4.1-sources.jar
2025-03-13 22:20:16,157 [Worker-113: Searching...] INFO  o.e.m.c.i.e.AbstractTransferListenerAdapter - Downloading https://repo.maven.apache.org/maven2/org/slf4j/jcl-over-slf4j/1.7.36/jcl-over-slf4j-1.7.36-sources.jar
2025-03-13 22:20:16,189 [Worker-113: Searching...] INFO  o.e.m.c.i.e.AbstractTransferListenerAdapter - Downloaded https://repo.maven.apache.org/maven2/org/slf4j/jcl-over-slf4j/1.7.36/jcl-over-slf4j-1.7.36-sources.jar
2025-03-13 22:20:16,459 [Worker-113: Searching...] INFO  o.e.m.c.i.e.AbstractTransferListenerAdapter - Downloading https://repo.maven.apache.org/maven2/org/apache/maven/maven-artifact/3.9.7/maven-artifact-3.9.7-sources.jar
2025-03-13 22:20:16,494 [Worker-113: Searching...] INFO  o.e.m.c.i.e.AbstractTransferListenerAdapter - Downloaded https://repo.maven.apache.org/maven2/org/apache/maven/maven-artifact/3.9.7/maven-artifact-3.9.7-sources.jar
2025-03-13 22:20:16,712 [Worker-113: Searching...] INFO  o.e.m.c.i.e.AbstractTransferListenerAdapter - Downloading https://repo.maven.apache.org/maven2/org/apache/maven/maven-builder-support/3.9.7/maven-builder-support-3.9.7-sources.jar
2025-03-13 22:20:16,728 [Worker-113: Searching...] INFO  o.e.m.c.i.e.AbstractTransferListenerAdapter - Downloaded https://repo.maven.apache.org/maven2/org/apache/maven/maven-builder-support/3.9.7/maven-builder-support-3.9.7-sources.jar
2025-03-13 22:20:16,832 [Worker-113: Searching...] INFO  o.e.m.c.i.e.AbstractTransferListenerAdapter - Downloading https://repo.maven.apache.org/maven2/org/apache/maven/maven-compat/3.9.7/maven-compat-3.9.7-sources.jar
2025-03-13 22:20:16,886 [Worker-113: Searching...] INFO  o.e.m.c.i.e.AbstractTransferListenerAdapter - Downloaded https://repo.maven.apache.org/maven2/org/apache/maven/maven-compat/3.9.7/maven-compat-3.9.7-sources.jar
2025-03-13 22:20:17,097 [Worker-113: Searching...] INFO  o.e.m.c.i.e.AbstractTransferListenerAdapter - Downloading https://repo.maven.apache.org/maven2/org/apache/maven/maven-core/3.9.7/maven-core-3.9.7-sources.jar
2025-03-13 22:20:17,162 [Worker-113: Searching...] INFO  o.e.m.c.i.e.AbstractTransferListenerAdapter - Downloaded https://repo.maven.apache.org/maven2/org/apache/maven/maven-core/3.9.7/maven-core-3.9.7-sources.jar
2025-03-13 22:20:17,301 [Worker-113: Searching...] INFO  o.e.m.c.i.e.AbstractTransferListenerAdapter - Downloading https://repo.maven.apache.org/maven2/org/apache/maven/maven-embedder/3.9.7/maven-embedder-3.9.7-sources.jar
2025-03-13 22:20:17,332 [Worker-113: Searching...] INFO  o.e.m.c.i.e.AbstractTransferListenerAdapter - Downloaded https://repo.maven.apache.org/maven2/org/apache/maven/maven-embedder/3.9.7/maven-embedder-3.9.7-sources.jar
2025-03-13 22:20:17,515 [Worker-113: Searching...] INFO  o.e.m.c.i.e.AbstractTransferListenerAdapter - Downloading https://repo.maven.apache.org/maven2/org/apache/maven/maven-model/3.9.7/maven-model-3.9.7-sources.jar
2025-03-13 22:20:17,564 [Worker-113: Searching...] INFO  o.e.m.c.i.e.AbstractTransferListenerAdapter - Downloaded https://repo.maven.apache.org/maven2/org/apache/maven/maven-model/3.9.7/maven-model-3.9.7-sources.jar
2025-03-13 22:20:17,695 [Worker-113: Searching...] INFO  o.e.m.c.i.e.AbstractTransferListenerAdapter - Downloading https://repo.maven.apache.org/maven2/org/apache/maven/maven-model-builder/3.9.7/maven-model-builder-3.9.7-sources.jar
2025-03-13 22:20:17,710 [Worker-113: Searching...] INFO  o.e.m.c.i.e.AbstractTransferListenerAdapter - Downloaded https://repo.maven.apache.org/maven2/org/apache/maven/maven-model-builder/3.9.7/maven-model-builder-3.9.7-sources.jar
2025-03-13 22:20:17,795 [Worker-113: Searching...] INFO  o.e.m.c.i.e.AbstractTransferListenerAdapter - Downloading https://repo.maven.apache.org/maven2/org/apache/maven/maven-plugin-api/3.9.7/maven-plugin-api-3.9.7-sources.jar
2025-03-13 22:20:17,816 [Worker-113: Searching...] INFO  o.e.m.c.i.e.AbstractTransferListenerAdapter - Downloaded https://repo.maven.apache.org/maven2/org/apache/maven/maven-plugin-api/3.9.7/maven-plugin-api-3.9.7-sources.jar
2025-03-13 22:20:17,909 [Worker-113: Searching...] INFO  o.e.m.c.i.e.AbstractTransferListenerAdapter - Downloading https://repo.maven.apache.org/maven2/org/apache/maven/maven-repository-metadata/3.9.7/maven-repository-metadata-3.9.7-sources.jar
2025-03-13 22:20:17,916 [Worker-113: Searching...] INFO  o.e.m.c.i.e.AbstractTransferListenerAdapter - Downloaded https://repo.maven.apache.org/maven2/org/apache/maven/maven-repository-metadata/3.9.7/maven-repository-metadata-3.9.7-sources.jar
2025-03-13 22:20:18,133 [Worker-113: Searching...] INFO  o.e.m.c.i.e.AbstractTransferListenerAdapter - Downloading https://repo.maven.apache.org/maven2/org/apache/maven/resolver/maven-resolver-api/1.9.20/maven-resolver-api-1.9.20-sources.jar
2025-03-13 22:20:18,185 [Worker-113: Searching...] INFO  o.e.m.c.i.e.AbstractTransferListenerAdapter - Downloaded https://repo.maven.apache.org/maven2/org/apache/maven/resolver/maven-resolver-api/1.9.20/maven-resolver-api-1.9.20-sources.jar
2025-03-13 22:20:18,314 [Worker-113: Searching...] INFO  o.e.m.c.i.e.AbstractTransferListenerAdapter - Downloading https://repo.maven.apache.org/maven2/org/apache/maven/resolver/maven-resolver-connector-basic/1.9.20/maven-resolver-connector-basic-1.9.20-sources.jar
2025-03-13 22:20:18,324 [Worker-113: Searching...] INFO  o.e.m.c.i.e.AbstractTransferListenerAdapter - Downloaded https://repo.maven.apache.org/maven2/org/apache/maven/resolver/maven-resolver-connector-basic/1.9.20/maven-resolver-connector-basic-1.9.20-sources.jar
2025-03-13 22:20:18,439 [Worker-113: Searching...] INFO  o.e.m.c.i.e.AbstractTransferListenerAdapter - Downloading https://repo.maven.apache.org/maven2/org/apache/maven/resolver/maven-resolver-impl/1.9.20/maven-resolver-impl-1.9.20-sources.jar
2025-03-13 22:20:18,476 [Worker-113: Searching...] INFO  o.e.m.c.i.e.AbstractTransferListenerAdapter - Downloaded https://repo.maven.apache.org/maven2/org/apache/maven/resolver/maven-resolver-impl/1.9.20/maven-resolver-impl-1.9.20-sources.jar
2025-03-13 22:20:18,575 [Worker-113: Searching...] INFO  o.e.m.c.i.e.AbstractTransferListenerAdapter - Downloading https://repo.maven.apache.org/maven2/org/apache/maven/resolver/maven-resolver-named-locks/1.9.20/maven-resolver-named-locks-1.9.20-sources.jar
2025-03-13 22:20:18,588 [Worker-113: Searching...] INFO  o.e.m.c.i.e.AbstractTransferListenerAdapter - Downloaded https://repo.maven.apache.org/maven2/org/apache/maven/resolver/maven-resolver-named-locks/1.9.20/maven-resolver-named-locks-1.9.20-sources.jar
2025-03-13 22:20:18,681 [Worker-113: Searching...] INFO  o.e.m.c.i.e.AbstractTransferListenerAdapter - Downloading https://repo.maven.apache.org/maven2/org/apache/maven/maven-resolver-provider/3.9.7/maven-resolver-provider-3.9.7-sources.jar
2025-03-13 22:20:18,694 [Worker-113: Searching...] INFO  o.e.m.c.i.e.AbstractTransferListenerAdapter - Downloaded https://repo.maven.apache.org/maven2/org/apache/maven/maven-resolver-provider/3.9.7/maven-resolver-provider-3.9.7-sources.jar
2025-03-13 22:20:23,774 [Worker-113: Searching...] INFO  o.e.m.c.i.e.AbstractTransferListenerAdapter - Downloading https://repo.maven.apache.org/maven2/org/apache/maven/resolver/maven-resolver-spi/1.9.20/maven-resolver-spi-1.9.20-sources.jar
2025-03-13 22:20:23,833 [Worker-113: Searching...] INFO  o.e.m.c.i.e.AbstractTransferListenerAdapter - Downloaded https://repo.maven.apache.org/maven2/org/apache/maven/resolver/maven-resolver-spi/1.9.20/maven-resolver-spi-1.9.20-sources.jar
2025-03-13 22:20:23,933 [Worker-113: Searching...] INFO  o.e.m.c.i.e.AbstractTransferListenerAdapter - Downloading https://repo.maven.apache.org/maven2/org/apache/maven/resolver/maven-resolver-transport-file/1.9.20/maven-resolver-transport-file-1.9.20-sources.jar
2025-03-13 22:20:23,937 [Worker-113: Searching...] INFO  o.e.m.c.i.e.AbstractTransferListenerAdapter - Downloaded https://repo.maven.apache.org/maven2/org/apache/maven/resolver/maven-resolver-transport-file/1.9.20/maven-resolver-transport-file-1.9.20-sources.jar
2025-03-13 22:20:24,035 [Worker-113: Searching...] INFO  o.e.m.c.i.e.AbstractTransferListenerAdapter - Downloading https://repo.maven.apache.org/maven2/org/apache/maven/resolver/maven-resolver-transport-http/1.9.20/maven-resolver-transport-http-1.9.20-sources.jar
2025-03-13 22:20:24,075 [Worker-113: Searching...] INFO  o.e.m.c.i.e.AbstractTransferListenerAdapter - Downloaded https://repo.maven.apache.org/maven2/org/apache/maven/resolver/maven-resolver-transport-http/1.9.20/maven-resolver-transport-http-1.9.20-sources.jar
2025-03-13 22:20:24,165 [Worker-113: Searching...] INFO  o.e.m.c.i.e.AbstractTransferListenerAdapter - Downloading https://repo.maven.apache.org/maven2/org/apache/maven/resolver/maven-resolver-transport-wagon/1.9.20/maven-resolver-transport-wagon-1.9.20-sources.jar
2025-03-13 22:20:24,172 [Worker-113: Searching...] INFO  o.e.m.c.i.e.AbstractTransferListenerAdapter - Downloaded https://repo.maven.apache.org/maven2/org/apache/maven/resolver/maven-resolver-transport-wagon/1.9.20/maven-resolver-transport-wagon-1.9.20-sources.jar
2025-03-13 22:20:24,265 [Worker-113: Searching...] INFO  o.e.m.c.i.e.AbstractTransferListenerAdapter - Downloading https://repo.maven.apache.org/maven2/org/apache/maven/resolver/maven-resolver-util/1.9.20/maven-resolver-util-1.9.20-sources.jar
2025-03-13 22:20:24,319 [Worker-113: Searching...] INFO  o.e.m.c.i.e.AbstractTransferListenerAdapter - Downloaded https://repo.maven.apache.org/maven2/org/apache/maven/resolver/maven-resolver-util/1.9.20/maven-resolver-util-1.9.20-sources.jar
2025-03-13 22:20:24,426 [Worker-113: Searching...] INFO  o.e.m.c.i.e.AbstractTransferListenerAdapter - Downloading https://repo.maven.apache.org/maven2/org/apache/maven/maven-settings/3.9.7/maven-settings-3.9.7-sources.jar
2025-03-13 22:20:24,467 [Worker-113: Searching...] INFO  o.e.m.c.i.e.AbstractTransferListenerAdapter - Downloaded https://repo.maven.apache.org/maven2/org/apache/maven/maven-settings/3.9.7/maven-settings-3.9.7-sources.jar
2025-03-13 22:20:24,557 [Worker-113: Searching...] INFO  o.e.m.c.i.e.AbstractTransferListenerAdapter - Downloading https://repo.maven.apache.org/maven2/org/apache/maven/maven-settings-builder/3.9.7/maven-settings-builder-3.9.7-sources.jar
2025-03-13 22:20:24,572 [Worker-113: Searching...] INFO  o.e.m.c.i.e.AbstractTransferListenerAdapter - Downloaded https://repo.maven.apache.org/maven2/org/apache/maven/maven-settings-builder/3.9.7/maven-settings-builder-3.9.7-sources.jar
2025-03-13 22:20:24,658 [Worker-113: Searching...] INFO  o.e.m.c.i.e.AbstractTransferListenerAdapter - Downloading https://repo.maven.apache.org/maven2/org/apache/maven/shared/maven-shared-utils/3.4.2/maven-shared-utils-3.4.2-sources.jar
2025-03-13 22:20:24,720 [Worker-113: Searching...] INFO  o.e.m.c.i.e.AbstractTransferListenerAdapter - Downloaded https://repo.maven.apache.org/maven2/org/apache/maven/shared/maven-shared-utils/3.4.2/maven-shared-utils-3.4.2-sources.jar
2025-03-13 22:20:24,852 [Worker-113: Searching...] INFO  o.e.m.c.i.e.AbstractTransferListenerAdapter - Downloading https://repo.maven.apache.org/maven2/org/eclipse/sisu/org.eclipse.sisu.inject/0.9.0.M2/org.eclipse.sisu.inject-0.9.0.M2-sources.jar
2025-03-13 22:20:24,920 [Worker-113: Searching...] INFO  o.e.m.c.i.e.AbstractTransferListenerAdapter - Downloaded https://repo.maven.apache.org/maven2/org/eclipse/sisu/org.eclipse.sisu.inject/0.9.0.M2/org.eclipse.sisu.inject-0.9.0.M2-sources.jar
2025-03-13 22:20:25,004 [Worker-113: Searching...] INFO  o.e.m.c.i.e.AbstractTransferListenerAdapter - Downloading https://repo.maven.apache.org/maven2/org/eclipse/sisu/org.eclipse.sisu.plexus/0.9.0.M2/org.eclipse.sisu.plexus-0.9.0.M2-sources.jar
2025-03-13 22:20:25,054 [Worker-113: Searching...] INFO  o.e.m.c.i.e.AbstractTransferListenerAdapter - Downloaded https://repo.maven.apache.org/maven2/org/eclipse/sisu/org.eclipse.sisu.plexus/0.9.0.M2/org.eclipse.sisu.plexus-0.9.0.M2-sources.jar
2025-03-13 22:20:25,134 [Worker-113: Searching...] INFO  o.e.m.c.i.e.AbstractTransferListenerAdapter - Downloading https://repo.maven.apache.org/maven2/org/codehaus/plexus/plexus-cipher/2.0/plexus-cipher-2.0-sources.jar
2025-03-13 22:20:25,166 [Worker-113: Searching...] INFO  o.e.m.c.i.e.AbstractTransferListenerAdapter - Downloaded https://repo.maven.apache.org/maven2/org/codehaus/plexus/plexus-cipher/2.0/plexus-cipher-2.0-sources.jar
2025-03-13 22:20:25,258 [Worker-113: Searching...] INFO  o.e.m.c.i.e.AbstractTransferListenerAdapter - Downloading https://repo.maven.apache.org/maven2/org/codehaus/plexus/plexus-component-annotations/2.1.0/plexus-component-annotations-2.1.0-sources.jar
2025-03-13 22:20:25,294 [Worker-113: Searching...] INFO  o.e.m.c.i.e.AbstractTransferListenerAdapter - Downloaded https://repo.maven.apache.org/maven2/org/codehaus/plexus/plexus-component-annotations/2.1.0/plexus-component-annotations-2.1.0-sources.jar
2025-03-13 22:20:25,739 [Worker-113: Searching...] INFO  o.e.m.c.i.e.AbstractTransferListenerAdapter - Downloading https://repo.maven.apache.org/maven2/org/codehaus/plexus/plexus-interpolation/1.27/plexus-interpolation-1.27-sources.jar
2025-03-13 22:20:25,974 [Worker-113: Searching...] INFO  o.e.m.c.i.e.AbstractTransferListenerAdapter - Downloaded https://repo.maven.apache.org/maven2/org/codehaus/plexus/plexus-interpolation/1.27/plexus-interpolation-1.27-sources.jar
2025-03-13 22:20:26,222 [Worker-113: Searching...] INFO  o.e.m.c.i.e.AbstractTransferListenerAdapter - Downloading https://repo.maven.apache.org/maven2/org/codehaus/plexus/plexus-sec-dispatcher/2.0/plexus-sec-dispatcher-2.0-sources.jar
2025-03-13 22:20:26,231 [Worker-113: Searching...] INFO  o.e.m.c.i.e.AbstractTransferListenerAdapter - Downloaded https://repo.maven.apache.org/maven2/org/codehaus/plexus/plexus-sec-dispatcher/2.0/plexus-sec-dispatcher-2.0-sources.jar
2025-03-13 22:20:26,315 [Worker-113: Searching...] INFO  o.e.m.c.i.e.AbstractTransferListenerAdapter - Downloading https://repo.maven.apache.org/maven2/org/codehaus/plexus/plexus-utils/3.5.1/plexus-utils-3.5.1-sources.jar
2025-03-13 22:20:26,392 [Worker-113: Searching...] INFO  o.e.m.c.i.e.AbstractTransferListenerAdapter - Downloaded https://repo.maven.apache.org/maven2/org/codehaus/plexus/plexus-utils/3.5.1/plexus-utils-3.5.1-sources.jar
2025-03-13 22:20:26,495 [Worker-113: Searching...] INFO  o.e.m.c.i.e.AbstractTransferListenerAdapter - Downloading https://repo.maven.apache.org/maven2/org/apache/maven/wagon/wagon-file/3.5.3/wagon-file-3.5.3-sources.jar
2025-03-13 22:20:26,504 [Worker-113: Searching...] INFO  o.e.m.c.i.e.AbstractTransferListenerAdapter - Downloaded https://repo.maven.apache.org/maven2/org/apache/maven/wagon/wagon-file/3.5.3/wagon-file-3.5.3-sources.jar
2025-03-13 22:20:26,628 [Worker-113: Searching...] INFO  o.e.m.c.i.e.AbstractTransferListenerAdapter - Downloading https://repo.maven.apache.org/maven2/org/apache/maven/wagon/wagon-http/3.5.3/wagon-http-3.5.3-sources.jar
2025-03-13 22:20:26,637 [Worker-113: Searching...] INFO  o.e.m.c.i.e.AbstractTransferListenerAdapter - Downloaded https://repo.maven.apache.org/maven2/org/apache/maven/wagon/wagon-http/3.5.3/wagon-http-3.5.3-sources.jar
2025-03-13 22:20:26,740 [Worker-113: Searching...] INFO  o.e.m.c.i.e.AbstractTransferListenerAdapter - Downloading https://repo.maven.apache.org/maven2/org/apache/maven/wagon/wagon-http-shared/3.5.3/wagon-http-shared-3.5.3-sources.jar
2025-03-13 22:20:26,748 [Worker-113: Searching...] INFO  o.e.m.c.i.e.AbstractTransferListenerAdapter - Downloaded https://repo.maven.apache.org/maven2/org/apache/maven/wagon/wagon-http-shared/3.5.3/wagon-http-shared-3.5.3-sources.jar
2025-03-13 22:20:26,846 [Worker-113: Searching...] INFO  o.e.m.c.i.e.AbstractTransferListenerAdapter - Downloading https://repo.maven.apache.org/maven2/org/apache/maven/wagon/wagon-provider-api/3.5.3/wagon-provider-api-3.5.3-sources.jar
2025-03-13 22:20:26,886 [Worker-113: Searching...] INFO  o.e.m.c.i.e.AbstractTransferListenerAdapter - Downloaded https://repo.maven.apache.org/maven2/org/apache/maven/wagon/wagon-provider-api/3.5.3/wagon-provider-api-3.5.3-sources.jar
2025-03-13 22:20:27,013 [Worker-113: Searching...] INFO  o.e.m.c.i.e.AbstractTransferListenerAdapter - Downloading https://repo.maven.apache.org/maven2/org/apache/maven/maven-slf4j-provider/3.9.7/maven-slf4j-provider-3.9.7-sources.jar
2025-03-13 22:20:27,031 [Worker-113: Searching...] INFO  o.e.m.c.i.e.AbstractTransferListenerAdapter - Downloaded https://repo.maven.apache.org/maven2/org/apache/maven/maven-slf4j-provider/3.9.7/maven-slf4j-provider-3.9.7-sources.jar
2025-03-13 22:20:27,133 [Worker-113: Searching...] INFO  o.e.m.c.i.e.AbstractTransferListenerAdapter - Downloading https://repo.maven.apache.org/maven2/com/google/guava/guava/33.2.0-jre/guava-33.2.0-jre-sources.jar
2025-03-13 22:20:27,294 [Worker-113: Searching...] INFO  o.e.m.c.i.e.AbstractTransferListenerAdapter - Downloaded https://repo.maven.apache.org/maven2/com/google/guava/guava/33.2.0-jre/guava-33.2.0-jre-sources.jar
2025-03-13 22:20:27,516 [Worker-113: Searching...] INFO  o.e.m.c.i.e.AbstractTransferListenerAdapter - Downloading https://repo.maven.apache.org/maven2/org/slf4j/slf4j-api/2.0.13/slf4j-api-2.0.13-sources.jar
2025-03-13 22:20:27,541 [Worker-113: Searching...] INFO  o.e.m.c.i.e.AbstractTransferListenerAdapter - Downloaded https://repo.maven.apache.org/maven2/org/slf4j/slf4j-api/2.0.13/slf4j-api-2.0.13-sources.jar
2025-03-13 22:20:27,857 [Worker-113: Searching...] INFO  o.e.m.c.i.e.AbstractTransferListenerAdapter - Downloading https://repo.maven.apache.org/maven2/jakarta/inject/jakarta.inject-api/1.0.5/jakarta.inject-api-1.0.5-sources.jar
2025-03-13 22:20:28,035 [Worker-113: Searching...] INFO  o.e.m.c.i.e.AbstractTransferListenerAdapter - Downloaded https://repo.maven.apache.org/maven2/jakarta/inject/jakarta.inject-api/1.0.5/jakarta.inject-api-1.0.5-sources.jar
2025-03-13 22:20:28,533 [Worker-113: Searching...] INFO  o.e.m.c.i.e.AbstractTransferListenerAdapter - Downloading https://repo.maven.apache.org/maven2/commons-cli/commons-cli/1.8.0/commons-cli-1.8.0-sources.jar
2025-03-13 22:20:28,561 [Worker-113: Searching...] INFO  o.e.m.c.i.e.AbstractTransferListenerAdapter - Downloaded https://repo.maven.apache.org/maven2/commons-cli/commons-cli/1.8.0/commons-cli-1.8.0-sources.jar
2025-03-13 22:20:28,634 [Worker-113: Searching...] INFO  o.e.m.c.i.e.AbstractTransferListenerAdapter - Downloading https://repo.maven.apache.org/maven2/commons-codec/commons-codec/1.16.0/commons-codec-1.16.0-sources.jar
2025-03-13 22:20:28,682 [Worker-113: Searching...] INFO  o.e.m.c.i.e.AbstractTransferListenerAdapter - Downloaded https://repo.maven.apache.org/maven2/commons-codec/commons-codec/1.16.0/commons-codec-1.16.0-sources.jar
2025-03-13 22:20:28,738 [Worker-113: Searching...] INFO  o.e.m.c.i.e.AbstractTransferListenerAdapter - Downloading https://repo.maven.apache.org/maven2/org/apache/commons/commons-lang3/3.14.0/commons-lang3-3.14.0-sources.jar
2025-03-13 22:20:28,817 [Worker-113: Searching...] INFO  o.e.m.c.i.e.AbstractTransferListenerAdapter - Downloaded https://repo.maven.apache.org/maven2/org/apache/commons/commons-lang3/3.14.0/commons-lang3-3.14.0-sources.jar
2025-03-13 22:20:28,916 [Worker-113: Searching...] INFO  o.e.m.c.i.e.AbstractTransferListenerAdapter - Downloading https://repo.maven.apache.org/maven2/com/google/guava/failureaccess/1.0.2/failureaccess-1.0.2-sources.jar
2025-03-13 22:20:28,922 [Worker-113: Searching...] INFO  o.e.m.c.i.e.AbstractTransferListenerAdapter - Downloaded https://repo.maven.apache.org/maven2/com/google/guava/failureaccess/1.0.2/failureaccess-1.0.2-sources.jar
2025-03-13 22:23:33,958 [Worker-111: Launching Executing clean in D__workspacesreenutechnologies_class_parent-pom] INFO  o.eclipse.m2e.core.internal.Bundles - getClasspathEntries(Bundle=org.eclipse.m2e.maven.runtime_3.9.700.20240602-2313 [359])
2025-03-13 22:23:33,959 [Worker-111: Launching Executing clean in D__workspacesreenutechnologies_class_parent-pom] INFO  o.eclipse.m2e.core.internal.Bundles - 	Entry: D:\software\sts\sts-4.24.0.RELEASE\plugins\org.eclipse.m2e.maven.runtime_3.9.700.20240602-2313
2025-03-13 22:23:33,959 [Worker-111: Launching Executing clean in D__workspacesreenutechnologies_class_parent-pom] INFO  o.eclipse.m2e.core.internal.Bundles - 	Entry: D:\software\sts\sts-4.24.0.RELEASE\plugins\org.eclipse.m2e.maven.runtime_3.9.700.20240602-2313\jars\aopalliance-1.0.jar
2025-03-13 22:23:33,959 [Worker-111: Launching Executing clean in D__workspacesreenutechnologies_class_parent-pom] INFO  o.eclipse.m2e.core.internal.Bundles - 	Entry: D:\software\sts\sts-4.24.0.RELEASE\plugins\org.eclipse.m2e.maven.runtime_3.9.700.20240602-2313\jars\guice-5.1.0.jar
2025-03-13 22:23:33,959 [Worker-111: Launching Executing clean in D__workspacesreenutechnologies_class_parent-pom] INFO  o.eclipse.m2e.core.internal.Bundles - 	Entry: D:\software\sts\sts-4.24.0.RELEASE\plugins\org.eclipse.m2e.maven.runtime_3.9.700.20240602-2313\jars\httpclient-4.5.14.jar
2025-03-13 22:23:33,959 [Worker-111: Launching Executing clean in D__workspacesreenutechnologies_class_parent-pom] INFO  o.eclipse.m2e.core.internal.Bundles - 	Entry: D:\software\sts\sts-4.24.0.RELEASE\plugins\org.eclipse.m2e.maven.runtime_3.9.700.20240602-2313\jars\httpcore-4.4.16.jar
2025-03-13 22:23:33,959 [Worker-111: Launching Executing clean in D__workspacesreenutechnologies_class_parent-pom] INFO  o.eclipse.m2e.core.internal.Bundles - 	Entry: D:\software\sts\sts-4.24.0.RELEASE\plugins\org.eclipse.m2e.maven.runtime_3.9.700.20240602-2313\jars\jansi-2.4.1.jar
2025-03-13 22:23:33,959 [Worker-111: Launching Executing clean in D__workspacesreenutechnologies_class_parent-pom] INFO  o.eclipse.m2e.core.internal.Bundles - 	Entry: D:\software\sts\sts-4.24.0.RELEASE\plugins\org.eclipse.m2e.maven.runtime_3.9.700.20240602-2313\jars\jcl-over-slf4j-1.7.36.jar
2025-03-13 22:23:33,959 [Worker-111: Launching Executing clean in D__workspacesreenutechnologies_class_parent-pom] INFO  o.eclipse.m2e.core.internal.Bundles - 	Entry: D:\software\sts\sts-4.24.0.RELEASE\plugins\org.eclipse.m2e.maven.runtime_3.9.700.20240602-2313\jars\maven-artifact-3.9.7.jar
2025-03-13 22:23:33,959 [Worker-111: Launching Executing clean in D__workspacesreenutechnologies_class_parent-pom] INFO  o.eclipse.m2e.core.internal.Bundles - 	Entry: D:\software\sts\sts-4.24.0.RELEASE\plugins\org.eclipse.m2e.maven.runtime_3.9.700.20240602-2313\jars\maven-builder-support-3.9.7.jar
2025-03-13 22:23:33,959 [Worker-111: Launching Executing clean in D__workspacesreenutechnologies_class_parent-pom] INFO  o.eclipse.m2e.core.internal.Bundles - 	Entry: D:\software\sts\sts-4.24.0.RELEASE\plugins\org.eclipse.m2e.maven.runtime_3.9.700.20240602-2313\jars\maven-compat-3.9.7.jar
2025-03-13 22:23:33,959 [Worker-111: Launching Executing clean in D__workspacesreenutechnologies_class_parent-pom] INFO  o.eclipse.m2e.core.internal.Bundles - 	Entry: D:\software\sts\sts-4.24.0.RELEASE\plugins\org.eclipse.m2e.maven.runtime_3.9.700.20240602-2313\jars\maven-core-3.9.7.jar
2025-03-13 22:23:33,960 [Worker-111: Launching Executing clean in D__workspacesreenutechnologies_class_parent-pom] INFO  o.eclipse.m2e.core.internal.Bundles - 	Entry: D:\software\sts\sts-4.24.0.RELEASE\plugins\org.eclipse.m2e.maven.runtime_3.9.700.20240602-2313\jars\maven-embedder-3.9.7.jar
2025-03-13 22:23:33,960 [Worker-111: Launching Executing clean in D__workspacesreenutechnologies_class_parent-pom] INFO  o.eclipse.m2e.core.internal.Bundles - 	Entry: D:\software\sts\sts-4.24.0.RELEASE\plugins\org.eclipse.m2e.maven.runtime_3.9.700.20240602-2313\jars\maven-model-3.9.7.jar
2025-03-13 22:23:33,960 [Worker-111: Launching Executing clean in D__workspacesreenutechnologies_class_parent-pom] INFO  o.eclipse.m2e.core.internal.Bundles - 	Entry: D:\software\sts\sts-4.24.0.RELEASE\plugins\org.eclipse.m2e.maven.runtime_3.9.700.20240602-2313\jars\maven-model-builder-3.9.7.jar
2025-03-13 22:23:33,960 [Worker-111: Launching Executing clean in D__workspacesreenutechnologies_class_parent-pom] INFO  o.eclipse.m2e.core.internal.Bundles - 	Entry: D:\software\sts\sts-4.24.0.RELEASE\plugins\org.eclipse.m2e.maven.runtime_3.9.700.20240602-2313\jars\maven-plugin-api-3.9.7.jar
2025-03-13 22:23:33,960 [Worker-111: Launching Executing clean in D__workspacesreenutechnologies_class_parent-pom] INFO  o.eclipse.m2e.core.internal.Bundles - 	Entry: D:\software\sts\sts-4.24.0.RELEASE\plugins\org.eclipse.m2e.maven.runtime_3.9.700.20240602-2313\jars\maven-repository-metadata-3.9.7.jar
2025-03-13 22:23:33,960 [Worker-111: Launching Executing clean in D__workspacesreenutechnologies_class_parent-pom] INFO  o.eclipse.m2e.core.internal.Bundles - 	Entry: D:\software\sts\sts-4.24.0.RELEASE\plugins\org.eclipse.m2e.maven.runtime_3.9.700.20240602-2313\jars\maven-resolver-api-1.9.20.jar
2025-03-13 22:23:33,960 [Worker-111: Launching Executing clean in D__workspacesreenutechnologies_class_parent-pom] INFO  o.eclipse.m2e.core.internal.Bundles - 	Entry: D:\software\sts\sts-4.24.0.RELEASE\plugins\org.eclipse.m2e.maven.runtime_3.9.700.20240602-2313\jars\maven-resolver-connector-basic-1.9.20.jar
2025-03-13 22:23:33,960 [Worker-111: Launching Executing clean in D__workspacesreenutechnologies_class_parent-pom] INFO  o.eclipse.m2e.core.internal.Bundles - 	Entry: D:\software\sts\sts-4.24.0.RELEASE\plugins\org.eclipse.m2e.maven.runtime_3.9.700.20240602-2313\jars\maven-resolver-impl-1.9.20.jar
2025-03-13 22:23:33,960 [Worker-111: Launching Executing clean in D__workspacesreenutechnologies_class_parent-pom] INFO  o.eclipse.m2e.core.internal.Bundles - 	Entry: D:\software\sts\sts-4.24.0.RELEASE\plugins\org.eclipse.m2e.maven.runtime_3.9.700.20240602-2313\jars\maven-resolver-named-locks-1.9.20.jar
2025-03-13 22:23:33,960 [Worker-111: Launching Executing clean in D__workspacesreenutechnologies_class_parent-pom] INFO  o.eclipse.m2e.core.internal.Bundles - 	Entry: D:\software\sts\sts-4.24.0.RELEASE\plugins\org.eclipse.m2e.maven.runtime_3.9.700.20240602-2313\jars\maven-resolver-provider-3.9.7.jar
2025-03-13 22:23:33,960 [Worker-111: Launching Executing clean in D__workspacesreenutechnologies_class_parent-pom] INFO  o.eclipse.m2e.core.internal.Bundles - 	Entry: D:\software\sts\sts-4.24.0.RELEASE\plugins\org.eclipse.m2e.maven.runtime_3.9.700.20240602-2313\jars\maven-resolver-spi-1.9.20.jar
2025-03-13 22:23:33,960 [Worker-111: Launching Executing clean in D__workspacesreenutechnologies_class_parent-pom] INFO  o.eclipse.m2e.core.internal.Bundles - 	Entry: D:\software\sts\sts-4.24.0.RELEASE\plugins\org.eclipse.m2e.maven.runtime_3.9.700.20240602-2313\jars\maven-resolver-transport-file-1.9.20.jar
2025-03-13 22:23:33,960 [Worker-111: Launching Executing clean in D__workspacesreenutechnologies_class_parent-pom] INFO  o.eclipse.m2e.core.internal.Bundles - 	Entry: D:\software\sts\sts-4.24.0.RELEASE\plugins\org.eclipse.m2e.maven.runtime_3.9.700.20240602-2313\jars\maven-resolver-transport-http-1.9.20.jar
2025-03-13 22:23:33,960 [Worker-111: Launching Executing clean in D__workspacesreenutechnologies_class_parent-pom] INFO  o.eclipse.m2e.core.internal.Bundles - 	Entry: D:\software\sts\sts-4.24.0.RELEASE\plugins\org.eclipse.m2e.maven.runtime_3.9.700.20240602-2313\jars\maven-resolver-transport-wagon-1.9.20.jar
2025-03-13 22:23:33,960 [Worker-111: Launching Executing clean in D__workspacesreenutechnologies_class_parent-pom] INFO  o.eclipse.m2e.core.internal.Bundles - 	Entry: D:\software\sts\sts-4.24.0.RELEASE\plugins\org.eclipse.m2e.maven.runtime_3.9.700.20240602-2313\jars\maven-resolver-util-1.9.20.jar
2025-03-13 22:23:33,960 [Worker-111: Launching Executing clean in D__workspacesreenutechnologies_class_parent-pom] INFO  o.eclipse.m2e.core.internal.Bundles - 	Entry: D:\software\sts\sts-4.24.0.RELEASE\plugins\org.eclipse.m2e.maven.runtime_3.9.700.20240602-2313\jars\maven-settings-3.9.7.jar
2025-03-13 22:23:33,960 [Worker-111: Launching Executing clean in D__workspacesreenutechnologies_class_parent-pom] INFO  o.eclipse.m2e.core.internal.Bundles - 	Entry: D:\software\sts\sts-4.24.0.RELEASE\plugins\org.eclipse.m2e.maven.runtime_3.9.700.20240602-2313\jars\maven-settings-builder-3.9.7.jar
2025-03-13 22:23:33,961 [Worker-111: Launching Executing clean in D__workspacesreenutechnologies_class_parent-pom] INFO  o.eclipse.m2e.core.internal.Bundles - 	Entry: D:\software\sts\sts-4.24.0.RELEASE\plugins\org.eclipse.m2e.maven.runtime_3.9.700.20240602-2313\jars\maven-shared-utils-3.4.2.jar
2025-03-13 22:23:33,961 [Worker-111: Launching Executing clean in D__workspacesreenutechnologies_class_parent-pom] INFO  o.eclipse.m2e.core.internal.Bundles - 	Entry: D:\software\sts\sts-4.24.0.RELEASE\plugins\org.eclipse.m2e.maven.runtime_3.9.700.20240602-2313\jars\org.eclipse.sisu.inject-0.9.0.M2.jar
2025-03-13 22:23:33,961 [Worker-111: Launching Executing clean in D__workspacesreenutechnologies_class_parent-pom] INFO  o.eclipse.m2e.core.internal.Bundles - 	Entry: D:\software\sts\sts-4.24.0.RELEASE\plugins\org.eclipse.m2e.maven.runtime_3.9.700.20240602-2313\jars\org.eclipse.sisu.plexus-0.9.0.M2.jar
2025-03-13 22:23:33,961 [Worker-111: Launching Executing clean in D__workspacesreenutechnologies_class_parent-pom] INFO  o.eclipse.m2e.core.internal.Bundles - 	Entry: D:\software\sts\sts-4.24.0.RELEASE\plugins\org.eclipse.m2e.maven.runtime_3.9.700.20240602-2313\jars\plexus-build-api-0.0.7.jar
2025-03-13 22:23:33,961 [Worker-111: Launching Executing clean in D__workspacesreenutechnologies_class_parent-pom] INFO  o.eclipse.m2e.core.internal.Bundles - 	Entry: D:\software\sts\sts-4.24.0.RELEASE\plugins\org.eclipse.m2e.maven.runtime_3.9.700.20240602-2313\jars\plexus-build-api-1.2.0.jar
2025-03-13 22:23:33,961 [Worker-111: Launching Executing clean in D__workspacesreenutechnologies_class_parent-pom] INFO  o.eclipse.m2e.core.internal.Bundles - 	Entry: D:\software\sts\sts-4.24.0.RELEASE\plugins\org.eclipse.m2e.maven.runtime_3.9.700.20240602-2313\jars\plexus-cipher-2.0.jar
2025-03-13 22:23:33,961 [Worker-111: Launching Executing clean in D__workspacesreenutechnologies_class_parent-pom] INFO  o.eclipse.m2e.core.internal.Bundles - 	Entry: D:\software\sts\sts-4.24.0.RELEASE\plugins\org.eclipse.m2e.maven.runtime_3.9.700.20240602-2313\jars\plexus-classworlds-2.8.0.jar
2025-03-13 22:23:33,961 [Worker-111: Launching Executing clean in D__workspacesreenutechnologies_class_parent-pom] INFO  o.eclipse.m2e.core.internal.Bundles - 	Entry: D:\software\sts\sts-4.24.0.RELEASE\plugins\org.eclipse.m2e.maven.runtime_3.9.700.20240602-2313\jars\plexus-component-annotations-2.1.0.jar
2025-03-13 22:23:33,961 [Worker-111: Launching Executing clean in D__workspacesreenutechnologies_class_parent-pom] INFO  o.eclipse.m2e.core.internal.Bundles - 	Entry: D:\software\sts\sts-4.24.0.RELEASE\plugins\org.eclipse.m2e.maven.runtime_3.9.700.20240602-2313\jars\plexus-interpolation-1.27.jar
2025-03-13 22:23:33,961 [Worker-111: Launching Executing clean in D__workspacesreenutechnologies_class_parent-pom] INFO  o.eclipse.m2e.core.internal.Bundles - 	Entry: D:\software\sts\sts-4.24.0.RELEASE\plugins\org.eclipse.m2e.maven.runtime_3.9.700.20240602-2313\jars\plexus-sec-dispatcher-2.0.jar
2025-03-13 22:23:33,961 [Worker-111: Launching Executing clean in D__workspacesreenutechnologies_class_parent-pom] INFO  o.eclipse.m2e.core.internal.Bundles - 	Entry: D:\software\sts\sts-4.24.0.RELEASE\plugins\org.eclipse.m2e.maven.runtime_3.9.700.20240602-2313\jars\plexus-utils-3.5.1.jar
2025-03-13 22:23:33,961 [Worker-111: Launching Executing clean in D__workspacesreenutechnologies_class_parent-pom] INFO  o.eclipse.m2e.core.internal.Bundles - 	Entry: D:\software\sts\sts-4.24.0.RELEASE\plugins\org.eclipse.m2e.maven.runtime_3.9.700.20240602-2313\jars\wagon-file-3.5.3.jar
2025-03-13 22:23:33,961 [Worker-111: Launching Executing clean in D__workspacesreenutechnologies_class_parent-pom] INFO  o.eclipse.m2e.core.internal.Bundles - 	Entry: D:\software\sts\sts-4.24.0.RELEASE\plugins\org.eclipse.m2e.maven.runtime_3.9.700.20240602-2313\jars\wagon-http-3.5.3.jar
2025-03-13 22:23:33,961 [Worker-111: Launching Executing clean in D__workspacesreenutechnologies_class_parent-pom] INFO  o.eclipse.m2e.core.internal.Bundles - 	Entry: D:\software\sts\sts-4.24.0.RELEASE\plugins\org.eclipse.m2e.maven.runtime_3.9.700.20240602-2313\jars\wagon-http-shared-3.5.3.jar
2025-03-13 22:23:33,962 [Worker-111: Launching Executing clean in D__workspacesreenutechnologies_class_parent-pom] INFO  o.eclipse.m2e.core.internal.Bundles - 	Entry: D:\software\sts\sts-4.24.0.RELEASE\plugins\org.eclipse.m2e.maven.runtime_3.9.700.20240602-2313\jars\wagon-provider-api-3.5.3.jar
2025-03-13 22:23:33,962 [Worker-111: Launching Executing clean in D__workspacesreenutechnologies_class_parent-pom] INFO  o.eclipse.m2e.core.internal.Bundles - getClasspathEntries(Bundle=com.google.guava_33.2.0.jre [29])
2025-03-13 22:23:33,962 [Worker-111: Launching Executing clean in D__workspacesreenutechnologies_class_parent-pom] INFO  o.eclipse.m2e.core.internal.Bundles - 	Entry: D:\software\sts\sts-4.24.0.RELEASE\plugins\com.google.guava_33.2.0.jre.jar
2025-03-13 22:23:33,962 [Worker-111: Launching Executing clean in D__workspacesreenutechnologies_class_parent-pom] INFO  o.eclipse.m2e.core.internal.Bundles - getClasspathEntries(Bundle=slf4j.api_2.0.13 [592])
2025-03-13 22:23:33,963 [Worker-111: Launching Executing clean in D__workspacesreenutechnologies_class_parent-pom] INFO  o.eclipse.m2e.core.internal.Bundles - 	Entry: D:\software\sts\sts-4.24.0.RELEASE\plugins\slf4j.api_2.0.13.jar
2025-03-13 22:23:33,963 [Worker-111: Launching Executing clean in D__workspacesreenutechnologies_class_parent-pom] INFO  o.eclipse.m2e.core.internal.Bundles - getClasspathEntries(Bundle=jakarta.inject.jakarta.inject-api_1.0.5 [44])
2025-03-13 22:23:33,964 [Worker-111: Launching Executing clean in D__workspacesreenutechnologies_class_parent-pom] INFO  o.eclipse.m2e.core.internal.Bundles - 	Entry: D:\software\sts\sts-4.24.0.RELEASE\plugins\jakarta.inject.jakarta.inject-api_1.0.5.jar
2025-03-13 22:23:33,964 [Worker-111: Launching Executing clean in D__workspacesreenutechnologies_class_parent-pom] INFO  o.eclipse.m2e.core.internal.Bundles - getClasspathEntries(Bundle=javax.annotation_1.3.5.v20200909-1856 [53])
2025-03-13 22:23:33,964 [Worker-111: Launching Executing clean in D__workspacesreenutechnologies_class_parent-pom] INFO  o.eclipse.m2e.core.internal.Bundles - 	Entry: D:\software\sts\sts-4.24.0.RELEASE\plugins\javax.annotation_1.3.5.v20200909-1856.jar
2025-03-13 22:23:33,965 [Worker-111: Launching Executing clean in D__workspacesreenutechnologies_class_parent-pom] INFO  o.eclipse.m2e.core.internal.Bundles - getClasspathEntries(Bundle=org.apache.commons.cli_1.8.0 [76])
2025-03-13 22:23:33,965 [Worker-111: Launching Executing clean in D__workspacesreenutechnologies_class_parent-pom] INFO  o.eclipse.m2e.core.internal.Bundles - 	Entry: D:\software\sts\sts-4.24.0.RELEASE\plugins\org.apache.commons.cli_1.8.0.jar
2025-03-13 22:23:33,966 [Worker-111: Launching Executing clean in D__workspacesreenutechnologies_class_parent-pom] INFO  o.eclipse.m2e.core.internal.Bundles - getClasspathEntries(Bundle=org.apache.commons.commons-codec_1.16.0 [78])
2025-03-13 22:23:33,966 [Worker-111: Launching Executing clean in D__workspacesreenutechnologies_class_parent-pom] INFO  o.eclipse.m2e.core.internal.Bundles - 	Entry: D:\software\sts\sts-4.24.0.RELEASE\plugins\org.apache.commons.commons-codec_1.16.0.jar
2025-03-13 22:23:33,966 [Worker-111: Launching Executing clean in D__workspacesreenutechnologies_class_parent-pom] INFO  o.eclipse.m2e.core.internal.Bundles - getClasspathEntries(Bundle=org.apache.commons.lang3_3.14.0 [82])
2025-03-13 22:23:33,967 [Worker-111: Launching Executing clean in D__workspacesreenutechnologies_class_parent-pom] INFO  o.eclipse.m2e.core.internal.Bundles - 	Entry: D:\software\sts\sts-4.24.0.RELEASE\plugins\org.apache.commons.lang3_3.14.0.jar
2025-03-13 22:23:33,967 [Worker-111: Launching Executing clean in D__workspacesreenutechnologies_class_parent-pom] INFO  o.eclipse.m2e.core.internal.Bundles - getClasspathEntries(Bundle=com.google.guava.failureaccess_1.0.2 [30])
2025-03-13 22:23:33,969 [Worker-111: Launching Executing clean in D__workspacesreenutechnologies_class_parent-pom] INFO  o.eclipse.m2e.core.internal.Bundles - 	Entry: D:\software\sts\sts-4.24.0.RELEASE\plugins\com.google.guava.failureaccess_1.0.2.jar
2025-03-13 22:23:33,970 [Worker-111: Launching Executing clean in D__workspacesreenutechnologies_class_parent-pom] INFO  o.e.m.i.launch.MavenLaunchDelegate - Run build in "D:\workspacesreenutechnologies\class\parent-pom":
2025-03-13 22:23:33,971 [Worker-111: Launching Executing clean in D__workspacesreenutechnologies_class_parent-pom] INFO  o.e.m.i.launch.MavenLaunchDelegate -  mvn  -B -Dstyle.color=always clean
2025-03-13 22:24:06,898 [Worker-116: Launching Executing install in D__workspacesreenutechnologies_class_parent-pom] INFO  o.eclipse.m2e.core.internal.Bundles - getClasspathEntries(Bundle=org.eclipse.m2e.maven.runtime_3.9.700.20240602-2313 [359])
2025-03-13 22:24:06,899 [Worker-116: Launching Executing install in D__workspacesreenutechnologies_class_parent-pom] INFO  o.eclipse.m2e.core.internal.Bundles - 	Entry: D:\software\sts\sts-4.24.0.RELEASE\plugins\org.eclipse.m2e.maven.runtime_3.9.700.20240602-2313
2025-03-13 22:24:06,900 [Worker-116: Launching Executing install in D__workspacesreenutechnologies_class_parent-pom] INFO  o.eclipse.m2e.core.internal.Bundles - 	Entry: D:\software\sts\sts-4.24.0.RELEASE\plugins\org.eclipse.m2e.maven.runtime_3.9.700.20240602-2313\jars\aopalliance-1.0.jar
2025-03-13 22:24:06,900 [Worker-116: Launching Executing install in D__workspacesreenutechnologies_class_parent-pom] INFO  o.eclipse.m2e.core.internal.Bundles - 	Entry: D:\software\sts\sts-4.24.0.RELEASE\plugins\org.eclipse.m2e.maven.runtime_3.9.700.20240602-2313\jars\guice-5.1.0.jar
2025-03-13 22:24:06,900 [Worker-116: Launching Executing install in D__workspacesreenutechnologies_class_parent-pom] INFO  o.eclipse.m2e.core.internal.Bundles - 	Entry: D:\software\sts\sts-4.24.0.RELEASE\plugins\org.eclipse.m2e.maven.runtime_3.9.700.20240602-2313\jars\httpclient-4.5.14.jar
2025-03-13 22:24:06,900 [Worker-116: Launching Executing install in D__workspacesreenutechnologies_class_parent-pom] INFO  o.eclipse.m2e.core.internal.Bundles - 	Entry: D:\software\sts\sts-4.24.0.RELEASE\plugins\org.eclipse.m2e.maven.runtime_3.9.700.20240602-2313\jars\httpcore-4.4.16.jar
2025-03-13 22:24:06,900 [Worker-116: Launching Executing install in D__workspacesreenutechnologies_class_parent-pom] INFO  o.eclipse.m2e.core.internal.Bundles - 	Entry: D:\software\sts\sts-4.24.0.RELEASE\plugins\org.eclipse.m2e.maven.runtime_3.9.700.20240602-2313\jars\jansi-2.4.1.jar
2025-03-13 22:24:06,900 [Worker-116: Launching Executing install in D__workspacesreenutechnologies_class_parent-pom] INFO  o.eclipse.m2e.core.internal.Bundles - 	Entry: D:\software\sts\sts-4.24.0.RELEASE\plugins\org.eclipse.m2e.maven.runtime_3.9.700.20240602-2313\jars\jcl-over-slf4j-1.7.36.jar
2025-03-13 22:24:06,900 [Worker-116: Launching Executing install in D__workspacesreenutechnologies_class_parent-pom] INFO  o.eclipse.m2e.core.internal.Bundles - 	Entry: D:\software\sts\sts-4.24.0.RELEASE\plugins\org.eclipse.m2e.maven.runtime_3.9.700.20240602-2313\jars\maven-artifact-3.9.7.jar
2025-03-13 22:24:06,900 [Worker-116: Launching Executing install in D__workspacesreenutechnologies_class_parent-pom] INFO  o.eclipse.m2e.core.internal.Bundles - 	Entry: D:\software\sts\sts-4.24.0.RELEASE\plugins\org.eclipse.m2e.maven.runtime_3.9.700.20240602-2313\jars\maven-builder-support-3.9.7.jar
2025-03-13 22:24:06,900 [Worker-116: Launching Executing install in D__workspacesreenutechnologies_class_parent-pom] INFO  o.eclipse.m2e.core.internal.Bundles - 	Entry: D:\software\sts\sts-4.24.0.RELEASE\plugins\org.eclipse.m2e.maven.runtime_3.9.700.20240602-2313\jars\maven-compat-3.9.7.jar
2025-03-13 22:24:06,901 [Worker-116: Launching Executing install in D__workspacesreenutechnologies_class_parent-pom] INFO  o.eclipse.m2e.core.internal.Bundles - 	Entry: D:\software\sts\sts-4.24.0.RELEASE\plugins\org.eclipse.m2e.maven.runtime_3.9.700.20240602-2313\jars\maven-core-3.9.7.jar
2025-03-13 22:24:06,901 [Worker-116: Launching Executing install in D__workspacesreenutechnologies_class_parent-pom] INFO  o.eclipse.m2e.core.internal.Bundles - 	Entry: D:\software\sts\sts-4.24.0.RELEASE\plugins\org.eclipse.m2e.maven.runtime_3.9.700.20240602-2313\jars\maven-embedder-3.9.7.jar
2025-03-13 22:24:06,901 [Worker-116: Launching Executing install in D__workspacesreenutechnologies_class_parent-pom] INFO  o.eclipse.m2e.core.internal.Bundles - 	Entry: D:\software\sts\sts-4.24.0.RELEASE\plugins\org.eclipse.m2e.maven.runtime_3.9.700.20240602-2313\jars\maven-model-3.9.7.jar
2025-03-13 22:24:06,901 [Worker-116: Launching Executing install in D__workspacesreenutechnologies_class_parent-pom] INFO  o.eclipse.m2e.core.internal.Bundles - 	Entry: D:\software\sts\sts-4.24.0.RELEASE\plugins\org.eclipse.m2e.maven.runtime_3.9.700.20240602-2313\jars\maven-model-builder-3.9.7.jar
2025-03-13 22:24:06,901 [Worker-116: Launching Executing install in D__workspacesreenutechnologies_class_parent-pom] INFO  o.eclipse.m2e.core.internal.Bundles - 	Entry: D:\software\sts\sts-4.24.0.RELEASE\plugins\org.eclipse.m2e.maven.runtime_3.9.700.20240602-2313\jars\maven-plugin-api-3.9.7.jar
2025-03-13 22:24:06,901 [Worker-116: Launching Executing install in D__workspacesreenutechnologies_class_parent-pom] INFO  o.eclipse.m2e.core.internal.Bundles - 	Entry: D:\software\sts\sts-4.24.0.RELEASE\plugins\org.eclipse.m2e.maven.runtime_3.9.700.20240602-2313\jars\maven-repository-metadata-3.9.7.jar
2025-03-13 22:24:06,901 [Worker-116: Launching Executing install in D__workspacesreenutechnologies_class_parent-pom] INFO  o.eclipse.m2e.core.internal.Bundles - 	Entry: D:\software\sts\sts-4.24.0.RELEASE\plugins\org.eclipse.m2e.maven.runtime_3.9.700.20240602-2313\jars\maven-resolver-api-1.9.20.jar
2025-03-13 22:24:06,901 [Worker-116: Launching Executing install in D__workspacesreenutechnologies_class_parent-pom] INFO  o.eclipse.m2e.core.internal.Bundles - 	Entry: D:\software\sts\sts-4.24.0.RELEASE\plugins\org.eclipse.m2e.maven.runtime_3.9.700.20240602-2313\jars\maven-resolver-connector-basic-1.9.20.jar
2025-03-13 22:24:06,901 [Worker-116: Launching Executing install in D__workspacesreenutechnologies_class_parent-pom] INFO  o.eclipse.m2e.core.internal.Bundles - 	Entry: D:\software\sts\sts-4.24.0.RELEASE\plugins\org.eclipse.m2e.maven.runtime_3.9.700.20240602-2313\jars\maven-resolver-impl-1.9.20.jar
2025-03-13 22:24:06,901 [Worker-116: Launching Executing install in D__workspacesreenutechnologies_class_parent-pom] INFO  o.eclipse.m2e.core.internal.Bundles - 	Entry: D:\software\sts\sts-4.24.0.RELEASE\plugins\org.eclipse.m2e.maven.runtime_3.9.700.20240602-2313\jars\maven-resolver-named-locks-1.9.20.jar
2025-03-13 22:24:06,901 [Worker-116: Launching Executing install in D__workspacesreenutechnologies_class_parent-pom] INFO  o.eclipse.m2e.core.internal.Bundles - 	Entry: D:\software\sts\sts-4.24.0.RELEASE\plugins\org.eclipse.m2e.maven.runtime_3.9.700.20240602-2313\jars\maven-resolver-provider-3.9.7.jar
2025-03-13 22:24:06,901 [Worker-116: Launching Executing install in D__workspacesreenutechnologies_class_parent-pom] INFO  o.eclipse.m2e.core.internal.Bundles - 	Entry: D:\software\sts\sts-4.24.0.RELEASE\plugins\org.eclipse.m2e.maven.runtime_3.9.700.20240602-2313\jars\maven-resolver-spi-1.9.20.jar
2025-03-13 22:24:06,901 [Worker-116: Launching Executing install in D__workspacesreenutechnologies_class_parent-pom] INFO  o.eclipse.m2e.core.internal.Bundles - 	Entry: D:\software\sts\sts-4.24.0.RELEASE\plugins\org.eclipse.m2e.maven.runtime_3.9.700.20240602-2313\jars\maven-resolver-transport-file-1.9.20.jar
2025-03-13 22:24:06,901 [Worker-116: Launching Executing install in D__workspacesreenutechnologies_class_parent-pom] INFO  o.eclipse.m2e.core.internal.Bundles - 	Entry: D:\software\sts\sts-4.24.0.RELEASE\plugins\org.eclipse.m2e.maven.runtime_3.9.700.20240602-2313\jars\maven-resolver-transport-http-1.9.20.jar
2025-03-13 22:24:06,901 [Worker-116: Launching Executing install in D__workspacesreenutechnologies_class_parent-pom] INFO  o.eclipse.m2e.core.internal.Bundles - 	Entry: D:\software\sts\sts-4.24.0.RELEASE\plugins\org.eclipse.m2e.maven.runtime_3.9.700.20240602-2313\jars\maven-resolver-transport-wagon-1.9.20.jar
2025-03-13 22:24:06,901 [Worker-116: Launching Executing install in D__workspacesreenutechnologies_class_parent-pom] INFO  o.eclipse.m2e.core.internal.Bundles - 	Entry: D:\software\sts\sts-4.24.0.RELEASE\plugins\org.eclipse.m2e.maven.runtime_3.9.700.20240602-2313\jars\maven-resolver-util-1.9.20.jar
2025-03-13 22:24:06,901 [Worker-116: Launching Executing install in D__workspacesreenutechnologies_class_parent-pom] INFO  o.eclipse.m2e.core.internal.Bundles - 	Entry: D:\software\sts\sts-4.24.0.RELEASE\plugins\org.eclipse.m2e.maven.runtime_3.9.700.20240602-2313\jars\maven-settings-3.9.7.jar
2025-03-13 22:24:06,901 [Worker-116: Launching Executing install in D__workspacesreenutechnologies_class_parent-pom] INFO  o.eclipse.m2e.core.internal.Bundles - 	Entry: D:\software\sts\sts-4.24.0.RELEASE\plugins\org.eclipse.m2e.maven.runtime_3.9.700.20240602-2313\jars\maven-settings-builder-3.9.7.jar
2025-03-13 22:24:06,902 [Worker-116: Launching Executing install in D__workspacesreenutechnologies_class_parent-pom] INFO  o.eclipse.m2e.core.internal.Bundles - 	Entry: D:\software\sts\sts-4.24.0.RELEASE\plugins\org.eclipse.m2e.maven.runtime_3.9.700.20240602-2313\jars\maven-shared-utils-3.4.2.jar
2025-03-13 22:24:06,902 [Worker-116: Launching Executing install in D__workspacesreenutechnologies_class_parent-pom] INFO  o.eclipse.m2e.core.internal.Bundles - 	Entry: D:\software\sts\sts-4.24.0.RELEASE\plugins\org.eclipse.m2e.maven.runtime_3.9.700.20240602-2313\jars\org.eclipse.sisu.inject-0.9.0.M2.jar
2025-03-13 22:24:06,902 [Worker-116: Launching Executing install in D__workspacesreenutechnologies_class_parent-pom] INFO  o.eclipse.m2e.core.internal.Bundles - 	Entry: D:\software\sts\sts-4.24.0.RELEASE\plugins\org.eclipse.m2e.maven.runtime_3.9.700.20240602-2313\jars\org.eclipse.sisu.plexus-0.9.0.M2.jar
2025-03-13 22:24:06,902 [Worker-116: Launching Executing install in D__workspacesreenutechnologies_class_parent-pom] INFO  o.eclipse.m2e.core.internal.Bundles - 	Entry: D:\software\sts\sts-4.24.0.RELEASE\plugins\org.eclipse.m2e.maven.runtime_3.9.700.20240602-2313\jars\plexus-build-api-0.0.7.jar
2025-03-13 22:24:06,902 [Worker-116: Launching Executing install in D__workspacesreenutechnologies_class_parent-pom] INFO  o.eclipse.m2e.core.internal.Bundles - 	Entry: D:\software\sts\sts-4.24.0.RELEASE\plugins\org.eclipse.m2e.maven.runtime_3.9.700.20240602-2313\jars\plexus-build-api-1.2.0.jar
2025-03-13 22:24:06,902 [Worker-116: Launching Executing install in D__workspacesreenutechnologies_class_parent-pom] INFO  o.eclipse.m2e.core.internal.Bundles - 	Entry: D:\software\sts\sts-4.24.0.RELEASE\plugins\org.eclipse.m2e.maven.runtime_3.9.700.20240602-2313\jars\plexus-cipher-2.0.jar
2025-03-13 22:24:06,902 [Worker-116: Launching Executing install in D__workspacesreenutechnologies_class_parent-pom] INFO  o.eclipse.m2e.core.internal.Bundles - 	Entry: D:\software\sts\sts-4.24.0.RELEASE\plugins\org.eclipse.m2e.maven.runtime_3.9.700.20240602-2313\jars\plexus-classworlds-2.8.0.jar
2025-03-13 22:24:06,902 [Worker-116: Launching Executing install in D__workspacesreenutechnologies_class_parent-pom] INFO  o.eclipse.m2e.core.internal.Bundles - 	Entry: D:\software\sts\sts-4.24.0.RELEASE\plugins\org.eclipse.m2e.maven.runtime_3.9.700.20240602-2313\jars\plexus-component-annotations-2.1.0.jar
2025-03-13 22:24:06,902 [Worker-116: Launching Executing install in D__workspacesreenutechnologies_class_parent-pom] INFO  o.eclipse.m2e.core.internal.Bundles - 	Entry: D:\software\sts\sts-4.24.0.RELEASE\plugins\org.eclipse.m2e.maven.runtime_3.9.700.20240602-2313\jars\plexus-interpolation-1.27.jar
2025-03-13 22:24:06,902 [Worker-116: Launching Executing install in D__workspacesreenutechnologies_class_parent-pom] INFO  o.eclipse.m2e.core.internal.Bundles - 	Entry: D:\software\sts\sts-4.24.0.RELEASE\plugins\org.eclipse.m2e.maven.runtime_3.9.700.20240602-2313\jars\plexus-sec-dispatcher-2.0.jar
2025-03-13 22:24:06,902 [Worker-116: Launching Executing install in D__workspacesreenutechnologies_class_parent-pom] INFO  o.eclipse.m2e.core.internal.Bundles - 	Entry: D:\software\sts\sts-4.24.0.RELEASE\plugins\org.eclipse.m2e.maven.runtime_3.9.700.20240602-2313\jars\plexus-utils-3.5.1.jar
2025-03-13 22:24:06,902 [Worker-116: Launching Executing install in D__workspacesreenutechnologies_class_parent-pom] INFO  o.eclipse.m2e.core.internal.Bundles - 	Entry: D:\software\sts\sts-4.24.0.RELEASE\plugins\org.eclipse.m2e.maven.runtime_3.9.700.20240602-2313\jars\wagon-file-3.5.3.jar
2025-03-13 22:24:06,902 [Worker-116: Launching Executing install in D__workspacesreenutechnologies_class_parent-pom] INFO  o.eclipse.m2e.core.internal.Bundles - 	Entry: D:\software\sts\sts-4.24.0.RELEASE\plugins\org.eclipse.m2e.maven.runtime_3.9.700.20240602-2313\jars\wagon-http-3.5.3.jar
2025-03-13 22:24:06,902 [Worker-116: Launching Executing install in D__workspacesreenutechnologies_class_parent-pom] INFO  o.eclipse.m2e.core.internal.Bundles - 	Entry: D:\software\sts\sts-4.24.0.RELEASE\plugins\org.eclipse.m2e.maven.runtime_3.9.700.20240602-2313\jars\wagon-http-shared-3.5.3.jar
2025-03-13 22:24:06,902 [Worker-116: Launching Executing install in D__workspacesreenutechnologies_class_parent-pom] INFO  o.eclipse.m2e.core.internal.Bundles - 	Entry: D:\software\sts\sts-4.24.0.RELEASE\plugins\org.eclipse.m2e.maven.runtime_3.9.700.20240602-2313\jars\wagon-provider-api-3.5.3.jar
2025-03-13 22:24:06,902 [Worker-116: Launching Executing install in D__workspacesreenutechnologies_class_parent-pom] INFO  o.eclipse.m2e.core.internal.Bundles - getClasspathEntries(Bundle=com.google.guava_33.2.0.jre [29])
2025-03-13 22:24:06,903 [Worker-116: Launching Executing install in D__workspacesreenutechnologies_class_parent-pom] INFO  o.eclipse.m2e.core.internal.Bundles - 	Entry: D:\software\sts\sts-4.24.0.RELEASE\plugins\com.google.guava_33.2.0.jre.jar
2025-03-13 22:24:06,903 [Worker-116: Launching Executing install in D__workspacesreenutechnologies_class_parent-pom] INFO  o.eclipse.m2e.core.internal.Bundles - getClasspathEntries(Bundle=slf4j.api_2.0.13 [592])
2025-03-13 22:24:06,904 [Worker-116: Launching Executing install in D__workspacesreenutechnologies_class_parent-pom] INFO  o.eclipse.m2e.core.internal.Bundles - 	Entry: D:\software\sts\sts-4.24.0.RELEASE\plugins\slf4j.api_2.0.13.jar
2025-03-13 22:24:06,904 [Worker-116: Launching Executing install in D__workspacesreenutechnologies_class_parent-pom] INFO  o.eclipse.m2e.core.internal.Bundles - getClasspathEntries(Bundle=jakarta.inject.jakarta.inject-api_1.0.5 [44])
2025-03-13 22:24:06,904 [Worker-116: Launching Executing install in D__workspacesreenutechnologies_class_parent-pom] INFO  o.eclipse.m2e.core.internal.Bundles - 	Entry: D:\software\sts\sts-4.24.0.RELEASE\plugins\jakarta.inject.jakarta.inject-api_1.0.5.jar
2025-03-13 22:24:06,905 [Worker-116: Launching Executing install in D__workspacesreenutechnologies_class_parent-pom] INFO  o.eclipse.m2e.core.internal.Bundles - getClasspathEntries(Bundle=javax.annotation_1.3.5.v20200909-1856 [53])
2025-03-13 22:24:06,905 [Worker-116: Launching Executing install in D__workspacesreenutechnologies_class_parent-pom] INFO  o.eclipse.m2e.core.internal.Bundles - 	Entry: D:\software\sts\sts-4.24.0.RELEASE\plugins\javax.annotation_1.3.5.v20200909-1856.jar
2025-03-13 22:24:06,905 [Worker-116: Launching Executing install in D__workspacesreenutechnologies_class_parent-pom] INFO  o.eclipse.m2e.core.internal.Bundles - getClasspathEntries(Bundle=org.apache.commons.cli_1.8.0 [76])
2025-03-13 22:24:06,906 [Worker-116: Launching Executing install in D__workspacesreenutechnologies_class_parent-pom] INFO  o.eclipse.m2e.core.internal.Bundles - 	Entry: D:\software\sts\sts-4.24.0.RELEASE\plugins\org.apache.commons.cli_1.8.0.jar
2025-03-13 22:24:06,906 [Worker-116: Launching Executing install in D__workspacesreenutechnologies_class_parent-pom] INFO  o.eclipse.m2e.core.internal.Bundles - getClasspathEntries(Bundle=org.apache.commons.commons-codec_1.16.0 [78])
2025-03-13 22:24:06,907 [Worker-116: Launching Executing install in D__workspacesreenutechnologies_class_parent-pom] INFO  o.eclipse.m2e.core.internal.Bundles - 	Entry: D:\software\sts\sts-4.24.0.RELEASE\plugins\org.apache.commons.commons-codec_1.16.0.jar
2025-03-13 22:24:06,907 [Worker-116: Launching Executing install in D__workspacesreenutechnologies_class_parent-pom] INFO  o.eclipse.m2e.core.internal.Bundles - getClasspathEntries(Bundle=org.apache.commons.lang3_3.14.0 [82])
2025-03-13 22:24:06,907 [Worker-116: Launching Executing install in D__workspacesreenutechnologies_class_parent-pom] INFO  o.eclipse.m2e.core.internal.Bundles - 	Entry: D:\software\sts\sts-4.24.0.RELEASE\plugins\org.apache.commons.lang3_3.14.0.jar
2025-03-13 22:24:06,907 [Worker-116: Launching Executing install in D__workspacesreenutechnologies_class_parent-pom] INFO  o.eclipse.m2e.core.internal.Bundles - getClasspathEntries(Bundle=com.google.guava.failureaccess_1.0.2 [30])
2025-03-13 22:24:06,908 [Worker-116: Launching Executing install in D__workspacesreenutechnologies_class_parent-pom] INFO  o.eclipse.m2e.core.internal.Bundles - 	Entry: D:\software\sts\sts-4.24.0.RELEASE\plugins\com.google.guava.failureaccess_1.0.2.jar
2025-03-13 22:24:06,909 [Worker-116: Launching Executing install in D__workspacesreenutechnologies_class_parent-pom] INFO  o.e.m.i.launch.MavenLaunchDelegate - Run build in "D:\workspacesreenutechnologies\class\parent-pom":
2025-03-13 22:24:06,909 [Worker-116: Launching Executing install in D__workspacesreenutechnologies_class_parent-pom] INFO  o.e.m.i.launch.MavenLaunchDelegate -  mvn  -B -Dstyle.color=always install
2025-03-13 22:42:04,401 [main] INFO  o.e.m2e.actions.ExecutePomAction - Creating new launch configuration
2025-03-13 22:44:02,124 [Worker-119: Launching Executing install in D__workspacesreenutechnologies_class_parent-pom] INFO  o.eclipse.m2e.core.internal.Bundles - getClasspathEntries(Bundle=org.eclipse.m2e.maven.runtime_3.9.700.20240602-2313 [359])
2025-03-13 22:44:02,125 [Worker-119: Launching Executing install in D__workspacesreenutechnologies_class_parent-pom] INFO  o.eclipse.m2e.core.internal.Bundles - 	Entry: D:\software\sts\sts-4.24.0.RELEASE\plugins\org.eclipse.m2e.maven.runtime_3.9.700.20240602-2313
2025-03-13 22:44:02,126 [Worker-119: Launching Executing install in D__workspacesreenutechnologies_class_parent-pom] INFO  o.eclipse.m2e.core.internal.Bundles - 	Entry: D:\software\sts\sts-4.24.0.RELEASE\plugins\org.eclipse.m2e.maven.runtime_3.9.700.20240602-2313\jars\aopalliance-1.0.jar
2025-03-13 22:44:02,126 [Worker-119: Launching Executing install in D__workspacesreenutechnologies_class_parent-pom] INFO  o.eclipse.m2e.core.internal.Bundles - 	Entry: D:\software\sts\sts-4.24.0.RELEASE\plugins\org.eclipse.m2e.maven.runtime_3.9.700.20240602-2313\jars\guice-5.1.0.jar
2025-03-13 22:44:02,126 [Worker-119: Launching Executing install in D__workspacesreenutechnologies_class_parent-pom] INFO  o.eclipse.m2e.core.internal.Bundles - 	Entry: D:\software\sts\sts-4.24.0.RELEASE\plugins\org.eclipse.m2e.maven.runtime_3.9.700.20240602-2313\jars\httpclient-4.5.14.jar
2025-03-13 22:44:02,126 [Worker-119: Launching Executing install in D__workspacesreenutechnologies_class_parent-pom] INFO  o.eclipse.m2e.core.internal.Bundles - 	Entry: D:\software\sts\sts-4.24.0.RELEASE\plugins\org.eclipse.m2e.maven.runtime_3.9.700.20240602-2313\jars\httpcore-4.4.16.jar
2025-03-13 22:44:02,126 [Worker-119: Launching Executing install in D__workspacesreenutechnologies_class_parent-pom] INFO  o.eclipse.m2e.core.internal.Bundles - 	Entry: D:\software\sts\sts-4.24.0.RELEASE\plugins\org.eclipse.m2e.maven.runtime_3.9.700.20240602-2313\jars\jansi-2.4.1.jar
2025-03-13 22:44:02,126 [Worker-119: Launching Executing install in D__workspacesreenutechnologies_class_parent-pom] INFO  o.eclipse.m2e.core.internal.Bundles - 	Entry: D:\software\sts\sts-4.24.0.RELEASE\plugins\org.eclipse.m2e.maven.runtime_3.9.700.20240602-2313\jars\jcl-over-slf4j-1.7.36.jar
2025-03-13 22:44:02,126 [Worker-119: Launching Executing install in D__workspacesreenutechnologies_class_parent-pom] INFO  o.eclipse.m2e.core.internal.Bundles - 	Entry: D:\software\sts\sts-4.24.0.RELEASE\plugins\org.eclipse.m2e.maven.runtime_3.9.700.20240602-2313\jars\maven-artifact-3.9.7.jar
2025-03-13 22:44:02,126 [Worker-119: Launching Executing install in D__workspacesreenutechnologies_class_parent-pom] INFO  o.eclipse.m2e.core.internal.Bundles - 	Entry: D:\software\sts\sts-4.24.0.RELEASE\plugins\org.eclipse.m2e.maven.runtime_3.9.700.20240602-2313\jars\maven-builder-support-3.9.7.jar
2025-03-13 22:44:02,126 [Worker-119: Launching Executing install in D__workspacesreenutechnologies_class_parent-pom] INFO  o.eclipse.m2e.core.internal.Bundles - 	Entry: D:\software\sts\sts-4.24.0.RELEASE\plugins\org.eclipse.m2e.maven.runtime_3.9.700.20240602-2313\jars\maven-compat-3.9.7.jar
2025-03-13 22:44:02,126 [Worker-119: Launching Executing install in D__workspacesreenutechnologies_class_parent-pom] INFO  o.eclipse.m2e.core.internal.Bundles - 	Entry: D:\software\sts\sts-4.24.0.RELEASE\plugins\org.eclipse.m2e.maven.runtime_3.9.700.20240602-2313\jars\maven-core-3.9.7.jar
2025-03-13 22:44:02,126 [Worker-119: Launching Executing install in D__workspacesreenutechnologies_class_parent-pom] INFO  o.eclipse.m2e.core.internal.Bundles - 	Entry: D:\software\sts\sts-4.24.0.RELEASE\plugins\org.eclipse.m2e.maven.runtime_3.9.700.20240602-2313\jars\maven-embedder-3.9.7.jar
2025-03-13 22:44:02,126 [Worker-119: Launching Executing install in D__workspacesreenutechnologies_class_parent-pom] INFO  o.eclipse.m2e.core.internal.Bundles - 	Entry: D:\software\sts\sts-4.24.0.RELEASE\plugins\org.eclipse.m2e.maven.runtime_3.9.700.20240602-2313\jars\maven-model-3.9.7.jar
2025-03-13 22:44:02,126 [Worker-119: Launching Executing install in D__workspacesreenutechnologies_class_parent-pom] INFO  o.eclipse.m2e.core.internal.Bundles - 	Entry: D:\software\sts\sts-4.24.0.RELEASE\plugins\org.eclipse.m2e.maven.runtime_3.9.700.20240602-2313\jars\maven-model-builder-3.9.7.jar
2025-03-13 22:44:02,126 [Worker-119: Launching Executing install in D__workspacesreenutechnologies_class_parent-pom] INFO  o.eclipse.m2e.core.internal.Bundles - 	Entry: D:\software\sts\sts-4.24.0.RELEASE\plugins\org.eclipse.m2e.maven.runtime_3.9.700.20240602-2313\jars\maven-plugin-api-3.9.7.jar
2025-03-13 22:44:02,126 [Worker-119: Launching Executing install in D__workspacesreenutechnologies_class_parent-pom] INFO  o.eclipse.m2e.core.internal.Bundles - 	Entry: D:\software\sts\sts-4.24.0.RELEASE\plugins\org.eclipse.m2e.maven.runtime_3.9.700.20240602-2313\jars\maven-repository-metadata-3.9.7.jar
2025-03-13 22:44:02,127 [Worker-119: Launching Executing install in D__workspacesreenutechnologies_class_parent-pom] INFO  o.eclipse.m2e.core.internal.Bundles - 	Entry: D:\software\sts\sts-4.24.0.RELEASE\plugins\org.eclipse.m2e.maven.runtime_3.9.700.20240602-2313\jars\maven-resolver-api-1.9.20.jar
2025-03-13 22:44:02,127 [Worker-119: Launching Executing install in D__workspacesreenutechnologies_class_parent-pom] INFO  o.eclipse.m2e.core.internal.Bundles - 	Entry: D:\software\sts\sts-4.24.0.RELEASE\plugins\org.eclipse.m2e.maven.runtime_3.9.700.20240602-2313\jars\maven-resolver-connector-basic-1.9.20.jar
2025-03-13 22:44:02,127 [Worker-119: Launching Executing install in D__workspacesreenutechnologies_class_parent-pom] INFO  o.eclipse.m2e.core.internal.Bundles - 	Entry: D:\software\sts\sts-4.24.0.RELEASE\plugins\org.eclipse.m2e.maven.runtime_3.9.700.20240602-2313\jars\maven-resolver-impl-1.9.20.jar
2025-03-13 22:44:02,127 [Worker-119: Launching Executing install in D__workspacesreenutechnologies_class_parent-pom] INFO  o.eclipse.m2e.core.internal.Bundles - 	Entry: D:\software\sts\sts-4.24.0.RELEASE\plugins\org.eclipse.m2e.maven.runtime_3.9.700.20240602-2313\jars\maven-resolver-named-locks-1.9.20.jar
2025-03-13 22:44:02,127 [Worker-119: Launching Executing install in D__workspacesreenutechnologies_class_parent-pom] INFO  o.eclipse.m2e.core.internal.Bundles - 	Entry: D:\software\sts\sts-4.24.0.RELEASE\plugins\org.eclipse.m2e.maven.runtime_3.9.700.20240602-2313\jars\maven-resolver-provider-3.9.7.jar
2025-03-13 22:44:02,127 [Worker-119: Launching Executing install in D__workspacesreenutechnologies_class_parent-pom] INFO  o.eclipse.m2e.core.internal.Bundles - 	Entry: D:\software\sts\sts-4.24.0.RELEASE\plugins\org.eclipse.m2e.maven.runtime_3.9.700.20240602-2313\jars\maven-resolver-spi-1.9.20.jar
2025-03-13 22:44:02,127 [Worker-119: Launching Executing install in D__workspacesreenutechnologies_class_parent-pom] INFO  o.eclipse.m2e.core.internal.Bundles - 	Entry: D:\software\sts\sts-4.24.0.RELEASE\plugins\org.eclipse.m2e.maven.runtime_3.9.700.20240602-2313\jars\maven-resolver-transport-file-1.9.20.jar
2025-03-13 22:44:02,127 [Worker-119: Launching Executing install in D__workspacesreenutechnologies_class_parent-pom] INFO  o.eclipse.m2e.core.internal.Bundles - 	Entry: D:\software\sts\sts-4.24.0.RELEASE\plugins\org.eclipse.m2e.maven.runtime_3.9.700.20240602-2313\jars\maven-resolver-transport-http-1.9.20.jar
2025-03-13 22:44:02,127 [Worker-119: Launching Executing install in D__workspacesreenutechnologies_class_parent-pom] INFO  o.eclipse.m2e.core.internal.Bundles - 	Entry: D:\software\sts\sts-4.24.0.RELEASE\plugins\org.eclipse.m2e.maven.runtime_3.9.700.20240602-2313\jars\maven-resolver-transport-wagon-1.9.20.jar
2025-03-13 22:44:02,127 [Worker-119: Launching Executing install in D__workspacesreenutechnologies_class_parent-pom] INFO  o.eclipse.m2e.core.internal.Bundles - 	Entry: D:\software\sts\sts-4.24.0.RELEASE\plugins\org.eclipse.m2e.maven.runtime_3.9.700.20240602-2313\jars\maven-resolver-util-1.9.20.jar
2025-03-13 22:44:02,127 [Worker-119: Launching Executing install in D__workspacesreenutechnologies_class_parent-pom] INFO  o.eclipse.m2e.core.internal.Bundles - 	Entry: D:\software\sts\sts-4.24.0.RELEASE\plugins\org.eclipse.m2e.maven.runtime_3.9.700.20240602-2313\jars\maven-settings-3.9.7.jar
2025-03-13 22:44:02,127 [Worker-119: Launching Executing install in D__workspacesreenutechnologies_class_parent-pom] INFO  o.eclipse.m2e.core.internal.Bundles - 	Entry: D:\software\sts\sts-4.24.0.RELEASE\plugins\org.eclipse.m2e.maven.runtime_3.9.700.20240602-2313\jars\maven-settings-builder-3.9.7.jar
2025-03-13 22:44:02,127 [Worker-119: Launching Executing install in D__workspacesreenutechnologies_class_parent-pom] INFO  o.eclipse.m2e.core.internal.Bundles - 	Entry: D:\software\sts\sts-4.24.0.RELEASE\plugins\org.eclipse.m2e.maven.runtime_3.9.700.20240602-2313\jars\maven-shared-utils-3.4.2.jar
2025-03-13 22:44:02,127 [Worker-119: Launching Executing install in D__workspacesreenutechnologies_class_parent-pom] INFO  o.eclipse.m2e.core.internal.Bundles - 	Entry: D:\software\sts\sts-4.24.0.RELEASE\plugins\org.eclipse.m2e.maven.runtime_3.9.700.20240602-2313\jars\org.eclipse.sisu.inject-0.9.0.M2.jar
2025-03-13 22:44:02,128 [Worker-119: Launching Executing install in D__workspacesreenutechnologies_class_parent-pom] INFO  o.eclipse.m2e.core.internal.Bundles - 	Entry: D:\software\sts\sts-4.24.0.RELEASE\plugins\org.eclipse.m2e.maven.runtime_3.9.700.20240602-2313\jars\org.eclipse.sisu.plexus-0.9.0.M2.jar
2025-03-13 22:44:02,128 [Worker-119: Launching Executing install in D__workspacesreenutechnologies_class_parent-pom] INFO  o.eclipse.m2e.core.internal.Bundles - 	Entry: D:\software\sts\sts-4.24.0.RELEASE\plugins\org.eclipse.m2e.maven.runtime_3.9.700.20240602-2313\jars\plexus-build-api-0.0.7.jar
2025-03-13 22:44:02,128 [Worker-119: Launching Executing install in D__workspacesreenutechnologies_class_parent-pom] INFO  o.eclipse.m2e.core.internal.Bundles - 	Entry: D:\software\sts\sts-4.24.0.RELEASE\plugins\org.eclipse.m2e.maven.runtime_3.9.700.20240602-2313\jars\plexus-build-api-1.2.0.jar
2025-03-13 22:44:02,128 [Worker-119: Launching Executing install in D__workspacesreenutechnologies_class_parent-pom] INFO  o.eclipse.m2e.core.internal.Bundles - 	Entry: D:\software\sts\sts-4.24.0.RELEASE\plugins\org.eclipse.m2e.maven.runtime_3.9.700.20240602-2313\jars\plexus-cipher-2.0.jar
2025-03-13 22:44:02,128 [Worker-119: Launching Executing install in D__workspacesreenutechnologies_class_parent-pom] INFO  o.eclipse.m2e.core.internal.Bundles - 	Entry: D:\software\sts\sts-4.24.0.RELEASE\plugins\org.eclipse.m2e.maven.runtime_3.9.700.20240602-2313\jars\plexus-classworlds-2.8.0.jar
2025-03-13 22:44:02,128 [Worker-119: Launching Executing install in D__workspacesreenutechnologies_class_parent-pom] INFO  o.eclipse.m2e.core.internal.Bundles - 	Entry: D:\software\sts\sts-4.24.0.RELEASE\plugins\org.eclipse.m2e.maven.runtime_3.9.700.20240602-2313\jars\plexus-component-annotations-2.1.0.jar
2025-03-13 22:44:02,128 [Worker-119: Launching Executing install in D__workspacesreenutechnologies_class_parent-pom] INFO  o.eclipse.m2e.core.internal.Bundles - 	Entry: D:\software\sts\sts-4.24.0.RELEASE\plugins\org.eclipse.m2e.maven.runtime_3.9.700.20240602-2313\jars\plexus-interpolation-1.27.jar
2025-03-13 22:44:02,128 [Worker-119: Launching Executing install in D__workspacesreenutechnologies_class_parent-pom] INFO  o.eclipse.m2e.core.internal.Bundles - 	Entry: D:\software\sts\sts-4.24.0.RELEASE\plugins\org.eclipse.m2e.maven.runtime_3.9.700.20240602-2313\jars\plexus-sec-dispatcher-2.0.jar
2025-03-13 22:44:02,128 [Worker-119: Launching Executing install in D__workspacesreenutechnologies_class_parent-pom] INFO  o.eclipse.m2e.core.internal.Bundles - 	Entry: D:\software\sts\sts-4.24.0.RELEASE\plugins\org.eclipse.m2e.maven.runtime_3.9.700.20240602-2313\jars\plexus-utils-3.5.1.jar
2025-03-13 22:44:02,128 [Worker-119: Launching Executing install in D__workspacesreenutechnologies_class_parent-pom] INFO  o.eclipse.m2e.core.internal.Bundles - 	Entry: D:\software\sts\sts-4.24.0.RELEASE\plugins\org.eclipse.m2e.maven.runtime_3.9.700.20240602-2313\jars\wagon-file-3.5.3.jar
2025-03-13 22:44:02,128 [Worker-119: Launching Executing install in D__workspacesreenutechnologies_class_parent-pom] INFO  o.eclipse.m2e.core.internal.Bundles - 	Entry: D:\software\sts\sts-4.24.0.RELEASE\plugins\org.eclipse.m2e.maven.runtime_3.9.700.20240602-2313\jars\wagon-http-3.5.3.jar
2025-03-13 22:44:02,128 [Worker-119: Launching Executing install in D__workspacesreenutechnologies_class_parent-pom] INFO  o.eclipse.m2e.core.internal.Bundles - 	Entry: D:\software\sts\sts-4.24.0.RELEASE\plugins\org.eclipse.m2e.maven.runtime_3.9.700.20240602-2313\jars\wagon-http-shared-3.5.3.jar
2025-03-13 22:44:02,128 [Worker-119: Launching Executing install in D__workspacesreenutechnologies_class_parent-pom] INFO  o.eclipse.m2e.core.internal.Bundles - 	Entry: D:\software\sts\sts-4.24.0.RELEASE\plugins\org.eclipse.m2e.maven.runtime_3.9.700.20240602-2313\jars\wagon-provider-api-3.5.3.jar
2025-03-13 22:44:02,128 [Worker-119: Launching Executing install in D__workspacesreenutechnologies_class_parent-pom] INFO  o.eclipse.m2e.core.internal.Bundles - getClasspathEntries(Bundle=com.google.guava_33.2.0.jre [29])
2025-03-13 22:44:02,129 [Worker-119: Launching Executing install in D__workspacesreenutechnologies_class_parent-pom] INFO  o.eclipse.m2e.core.internal.Bundles - 	Entry: D:\software\sts\sts-4.24.0.RELEASE\plugins\com.google.guava_33.2.0.jre.jar
2025-03-13 22:44:02,129 [Worker-119: Launching Executing install in D__workspacesreenutechnologies_class_parent-pom] INFO  o.eclipse.m2e.core.internal.Bundles - getClasspathEntries(Bundle=slf4j.api_2.0.13 [592])
2025-03-13 22:44:02,130 [Worker-119: Launching Executing install in D__workspacesreenutechnologies_class_parent-pom] INFO  o.eclipse.m2e.core.internal.Bundles - 	Entry: D:\software\sts\sts-4.24.0.RELEASE\plugins\slf4j.api_2.0.13.jar
2025-03-13 22:44:02,130 [Worker-119: Launching Executing install in D__workspacesreenutechnologies_class_parent-pom] INFO  o.eclipse.m2e.core.internal.Bundles - getClasspathEntries(Bundle=jakarta.inject.jakarta.inject-api_1.0.5 [44])
2025-03-13 22:44:02,130 [Worker-119: Launching Executing install in D__workspacesreenutechnologies_class_parent-pom] INFO  o.eclipse.m2e.core.internal.Bundles - 	Entry: D:\software\sts\sts-4.24.0.RELEASE\plugins\jakarta.inject.jakarta.inject-api_1.0.5.jar
2025-03-13 22:44:02,130 [Worker-119: Launching Executing install in D__workspacesreenutechnologies_class_parent-pom] INFO  o.eclipse.m2e.core.internal.Bundles - getClasspathEntries(Bundle=javax.annotation_1.3.5.v20200909-1856 [53])
2025-03-13 22:44:02,134 [Worker-119: Launching Executing install in D__workspacesreenutechnologies_class_parent-pom] INFO  o.eclipse.m2e.core.internal.Bundles - 	Entry: D:\software\sts\sts-4.24.0.RELEASE\plugins\javax.annotation_1.3.5.v20200909-1856.jar
2025-03-13 22:44:02,134 [Worker-119: Launching Executing install in D__workspacesreenutechnologies_class_parent-pom] INFO  o.eclipse.m2e.core.internal.Bundles - getClasspathEntries(Bundle=org.apache.commons.cli_1.8.0 [76])
2025-03-13 22:44:02,134 [Worker-119: Launching Executing install in D__workspacesreenutechnologies_class_parent-pom] INFO  o.eclipse.m2e.core.internal.Bundles - 	Entry: D:\software\sts\sts-4.24.0.RELEASE\plugins\org.apache.commons.cli_1.8.0.jar
2025-03-13 22:44:02,134 [Worker-119: Launching Executing install in D__workspacesreenutechnologies_class_parent-pom] INFO  o.eclipse.m2e.core.internal.Bundles - getClasspathEntries(Bundle=org.apache.commons.commons-codec_1.16.0 [78])
2025-03-13 22:44:02,135 [Worker-119: Launching Executing install in D__workspacesreenutechnologies_class_parent-pom] INFO  o.eclipse.m2e.core.internal.Bundles - 	Entry: D:\software\sts\sts-4.24.0.RELEASE\plugins\org.apache.commons.commons-codec_1.16.0.jar
2025-03-13 22:44:02,135 [Worker-119: Launching Executing install in D__workspacesreenutechnologies_class_parent-pom] INFO  o.eclipse.m2e.core.internal.Bundles - getClasspathEntries(Bundle=org.apache.commons.lang3_3.14.0 [82])
2025-03-13 22:44:02,135 [Worker-119: Launching Executing install in D__workspacesreenutechnologies_class_parent-pom] INFO  o.eclipse.m2e.core.internal.Bundles - 	Entry: D:\software\sts\sts-4.24.0.RELEASE\plugins\org.apache.commons.lang3_3.14.0.jar
2025-03-13 22:44:02,135 [Worker-119: Launching Executing install in D__workspacesreenutechnologies_class_parent-pom] INFO  o.eclipse.m2e.core.internal.Bundles - getClasspathEntries(Bundle=com.google.guava.failureaccess_1.0.2 [30])
2025-03-13 22:44:02,136 [Worker-119: Launching Executing install in D__workspacesreenutechnologies_class_parent-pom] INFO  o.eclipse.m2e.core.internal.Bundles - 	Entry: D:\software\sts\sts-4.24.0.RELEASE\plugins\com.google.guava.failureaccess_1.0.2.jar
2025-03-13 22:44:02,137 [Worker-119: Launching Executing install in D__workspacesreenutechnologies_class_parent-pom] INFO  o.e.m.i.launch.MavenLaunchDelegate - Run build in "D:\workspacesreenutechnologies\class\parent-pom":
2025-03-13 22:44:02,137 [Worker-119: Launching Executing install in D__workspacesreenutechnologies_class_parent-pom] INFO  o.e.m.i.launch.MavenLaunchDelegate -  mvn  -B -Dstyle.color=always install
2025-03-13 22:44:38,282 [Worker-119: Launching parent-pom] INFO  o.eclipse.m2e.core.internal.Bundles - getClasspathEntries(Bundle=org.eclipse.m2e.maven.runtime_3.9.700.20240602-2313 [359])
2025-03-13 22:44:38,664 [Worker-119: Launching parent-pom] INFO  o.eclipse.m2e.core.internal.Bundles - 	Entry: D:\software\sts\sts-4.24.0.RELEASE\plugins\org.eclipse.m2e.maven.runtime_3.9.700.20240602-2313
2025-03-13 22:44:38,664 [Worker-119: Launching parent-pom] INFO  o.eclipse.m2e.core.internal.Bundles - 	Entry: D:\software\sts\sts-4.24.0.RELEASE\plugins\org.eclipse.m2e.maven.runtime_3.9.700.20240602-2313\jars\aopalliance-1.0.jar
2025-03-13 22:44:38,665 [Worker-119: Launching parent-pom] INFO  o.eclipse.m2e.core.internal.Bundles - 	Entry: D:\software\sts\sts-4.24.0.RELEASE\plugins\org.eclipse.m2e.maven.runtime_3.9.700.20240602-2313\jars\guice-5.1.0.jar
2025-03-13 22:44:38,665 [Worker-119: Launching parent-pom] INFO  o.eclipse.m2e.core.internal.Bundles - 	Entry: D:\software\sts\sts-4.24.0.RELEASE\plugins\org.eclipse.m2e.maven.runtime_3.9.700.20240602-2313\jars\httpclient-4.5.14.jar
2025-03-13 22:44:38,665 [Worker-119: Launching parent-pom] INFO  o.eclipse.m2e.core.internal.Bundles - 	Entry: D:\software\sts\sts-4.24.0.RELEASE\plugins\org.eclipse.m2e.maven.runtime_3.9.700.20240602-2313\jars\httpcore-4.4.16.jar
2025-03-13 22:44:38,665 [Worker-119: Launching parent-pom] INFO  o.eclipse.m2e.core.internal.Bundles - 	Entry: D:\software\sts\sts-4.24.0.RELEASE\plugins\org.eclipse.m2e.maven.runtime_3.9.700.20240602-2313\jars\jansi-2.4.1.jar
2025-03-13 22:44:38,665 [Worker-119: Launching parent-pom] INFO  o.eclipse.m2e.core.internal.Bundles - 	Entry: D:\software\sts\sts-4.24.0.RELEASE\plugins\org.eclipse.m2e.maven.runtime_3.9.700.20240602-2313\jars\jcl-over-slf4j-1.7.36.jar
2025-03-13 22:44:38,665 [Worker-119: Launching parent-pom] INFO  o.eclipse.m2e.core.internal.Bundles - 	Entry: D:\software\sts\sts-4.24.0.RELEASE\plugins\org.eclipse.m2e.maven.runtime_3.9.700.20240602-2313\jars\maven-artifact-3.9.7.jar
2025-03-13 22:44:38,665 [Worker-119: Launching parent-pom] INFO  o.eclipse.m2e.core.internal.Bundles - 	Entry: D:\software\sts\sts-4.24.0.RELEASE\plugins\org.eclipse.m2e.maven.runtime_3.9.700.20240602-2313\jars\maven-builder-support-3.9.7.jar
2025-03-13 22:44:38,665 [Worker-119: Launching parent-pom] INFO  o.eclipse.m2e.core.internal.Bundles - 	Entry: D:\software\sts\sts-4.24.0.RELEASE\plugins\org.eclipse.m2e.maven.runtime_3.9.700.20240602-2313\jars\maven-compat-3.9.7.jar
2025-03-13 22:44:38,665 [Worker-119: Launching parent-pom] INFO  o.eclipse.m2e.core.internal.Bundles - 	Entry: D:\software\sts\sts-4.24.0.RELEASE\plugins\org.eclipse.m2e.maven.runtime_3.9.700.20240602-2313\jars\maven-core-3.9.7.jar
2025-03-13 22:44:38,666 [Worker-119: Launching parent-pom] INFO  o.eclipse.m2e.core.internal.Bundles - 	Entry: D:\software\sts\sts-4.24.0.RELEASE\plugins\org.eclipse.m2e.maven.runtime_3.9.700.20240602-2313\jars\maven-embedder-3.9.7.jar
2025-03-13 22:44:38,666 [Worker-119: Launching parent-pom] INFO  o.eclipse.m2e.core.internal.Bundles - 	Entry: D:\software\sts\sts-4.24.0.RELEASE\plugins\org.eclipse.m2e.maven.runtime_3.9.700.20240602-2313\jars\maven-model-3.9.7.jar
2025-03-13 22:44:38,666 [Worker-119: Launching parent-pom] INFO  o.eclipse.m2e.core.internal.Bundles - 	Entry: D:\software\sts\sts-4.24.0.RELEASE\plugins\org.eclipse.m2e.maven.runtime_3.9.700.20240602-2313\jars\maven-model-builder-3.9.7.jar
2025-03-13 22:44:38,666 [Worker-119: Launching parent-pom] INFO  o.eclipse.m2e.core.internal.Bundles - 	Entry: D:\software\sts\sts-4.24.0.RELEASE\plugins\org.eclipse.m2e.maven.runtime_3.9.700.20240602-2313\jars\maven-plugin-api-3.9.7.jar
2025-03-13 22:44:38,666 [Worker-119: Launching parent-pom] INFO  o.eclipse.m2e.core.internal.Bundles - 	Entry: D:\software\sts\sts-4.24.0.RELEASE\plugins\org.eclipse.m2e.maven.runtime_3.9.700.20240602-2313\jars\maven-repository-metadata-3.9.7.jar
2025-03-13 22:44:38,666 [Worker-119: Launching parent-pom] INFO  o.eclipse.m2e.core.internal.Bundles - 	Entry: D:\software\sts\sts-4.24.0.RELEASE\plugins\org.eclipse.m2e.maven.runtime_3.9.700.20240602-2313\jars\maven-resolver-api-1.9.20.jar
2025-03-13 22:44:38,666 [Worker-119: Launching parent-pom] INFO  o.eclipse.m2e.core.internal.Bundles - 	Entry: D:\software\sts\sts-4.24.0.RELEASE\plugins\org.eclipse.m2e.maven.runtime_3.9.700.20240602-2313\jars\maven-resolver-connector-basic-1.9.20.jar
2025-03-13 22:44:38,667 [Worker-119: Launching parent-pom] INFO  o.eclipse.m2e.core.internal.Bundles - 	Entry: D:\software\sts\sts-4.24.0.RELEASE\plugins\org.eclipse.m2e.maven.runtime_3.9.700.20240602-2313\jars\maven-resolver-impl-1.9.20.jar
2025-03-13 22:44:38,667 [Worker-119: Launching parent-pom] INFO  o.eclipse.m2e.core.internal.Bundles - 	Entry: D:\software\sts\sts-4.24.0.RELEASE\plugins\org.eclipse.m2e.maven.runtime_3.9.700.20240602-2313\jars\maven-resolver-named-locks-1.9.20.jar
2025-03-13 22:44:38,667 [Worker-119: Launching parent-pom] INFO  o.eclipse.m2e.core.internal.Bundles - 	Entry: D:\software\sts\sts-4.24.0.RELEASE\plugins\org.eclipse.m2e.maven.runtime_3.9.700.20240602-2313\jars\maven-resolver-provider-3.9.7.jar
2025-03-13 22:44:38,667 [Worker-119: Launching parent-pom] INFO  o.eclipse.m2e.core.internal.Bundles - 	Entry: D:\software\sts\sts-4.24.0.RELEASE\plugins\org.eclipse.m2e.maven.runtime_3.9.700.20240602-2313\jars\maven-resolver-spi-1.9.20.jar
2025-03-13 22:44:38,668 [Worker-119: Launching parent-pom] INFO  o.eclipse.m2e.core.internal.Bundles - 	Entry: D:\software\sts\sts-4.24.0.RELEASE\plugins\org.eclipse.m2e.maven.runtime_3.9.700.20240602-2313\jars\maven-resolver-transport-file-1.9.20.jar
2025-03-13 22:44:38,668 [Worker-119: Launching parent-pom] INFO  o.eclipse.m2e.core.internal.Bundles - 	Entry: D:\software\sts\sts-4.24.0.RELEASE\plugins\org.eclipse.m2e.maven.runtime_3.9.700.20240602-2313\jars\maven-resolver-transport-http-1.9.20.jar
2025-03-13 22:44:38,668 [Worker-119: Launching parent-pom] INFO  o.eclipse.m2e.core.internal.Bundles - 	Entry: D:\software\sts\sts-4.24.0.RELEASE\plugins\org.eclipse.m2e.maven.runtime_3.9.700.20240602-2313\jars\maven-resolver-transport-wagon-1.9.20.jar
2025-03-13 22:44:38,668 [Worker-119: Launching parent-pom] INFO  o.eclipse.m2e.core.internal.Bundles - 	Entry: D:\software\sts\sts-4.24.0.RELEASE\plugins\org.eclipse.m2e.maven.runtime_3.9.700.20240602-2313\jars\maven-resolver-util-1.9.20.jar
2025-03-13 22:44:38,668 [Worker-119: Launching parent-pom] INFO  o.eclipse.m2e.core.internal.Bundles - 	Entry: D:\software\sts\sts-4.24.0.RELEASE\plugins\org.eclipse.m2e.maven.runtime_3.9.700.20240602-2313\jars\maven-settings-3.9.7.jar
2025-03-13 22:44:38,668 [Worker-119: Launching parent-pom] INFO  o.eclipse.m2e.core.internal.Bundles - 	Entry: D:\software\sts\sts-4.24.0.RELEASE\plugins\org.eclipse.m2e.maven.runtime_3.9.700.20240602-2313\jars\maven-settings-builder-3.9.7.jar
2025-03-13 22:44:38,668 [Worker-119: Launching parent-pom] INFO  o.eclipse.m2e.core.internal.Bundles - 	Entry: D:\software\sts\sts-4.24.0.RELEASE\plugins\org.eclipse.m2e.maven.runtime_3.9.700.20240602-2313\jars\maven-shared-utils-3.4.2.jar
2025-03-13 22:44:38,668 [Worker-119: Launching parent-pom] INFO  o.eclipse.m2e.core.internal.Bundles - 	Entry: D:\software\sts\sts-4.24.0.RELEASE\plugins\org.eclipse.m2e.maven.runtime_3.9.700.20240602-2313\jars\org.eclipse.sisu.inject-0.9.0.M2.jar
2025-03-13 22:44:38,668 [Worker-119: Launching parent-pom] INFO  o.eclipse.m2e.core.internal.Bundles - 	Entry: D:\software\sts\sts-4.24.0.RELEASE\plugins\org.eclipse.m2e.maven.runtime_3.9.700.20240602-2313\jars\org.eclipse.sisu.plexus-0.9.0.M2.jar
2025-03-13 22:44:38,668 [Worker-119: Launching parent-pom] INFO  o.eclipse.m2e.core.internal.Bundles - 	Entry: D:\software\sts\sts-4.24.0.RELEASE\plugins\org.eclipse.m2e.maven.runtime_3.9.700.20240602-2313\jars\plexus-build-api-0.0.7.jar
2025-03-13 22:44:38,668 [Worker-119: Launching parent-pom] INFO  o.eclipse.m2e.core.internal.Bundles - 	Entry: D:\software\sts\sts-4.24.0.RELEASE\plugins\org.eclipse.m2e.maven.runtime_3.9.700.20240602-2313\jars\plexus-build-api-1.2.0.jar
2025-03-13 22:44:38,669 [Worker-119: Launching parent-pom] INFO  o.eclipse.m2e.core.internal.Bundles - 	Entry: D:\software\sts\sts-4.24.0.RELEASE\plugins\org.eclipse.m2e.maven.runtime_3.9.700.20240602-2313\jars\plexus-cipher-2.0.jar
2025-03-13 22:44:38,669 [Worker-119: Launching parent-pom] INFO  o.eclipse.m2e.core.internal.Bundles - 	Entry: D:\software\sts\sts-4.24.0.RELEASE\plugins\org.eclipse.m2e.maven.runtime_3.9.700.20240602-2313\jars\plexus-classworlds-2.8.0.jar
2025-03-13 22:44:38,669 [Worker-119: Launching parent-pom] INFO  o.eclipse.m2e.core.internal.Bundles - 	Entry: D:\software\sts\sts-4.24.0.RELEASE\plugins\org.eclipse.m2e.maven.runtime_3.9.700.20240602-2313\jars\plexus-component-annotations-2.1.0.jar
2025-03-13 22:44:38,669 [Worker-119: Launching parent-pom] INFO  o.eclipse.m2e.core.internal.Bundles - 	Entry: D:\software\sts\sts-4.24.0.RELEASE\plugins\org.eclipse.m2e.maven.runtime_3.9.700.20240602-2313\jars\plexus-interpolation-1.27.jar
2025-03-13 22:44:38,669 [Worker-119: Launching parent-pom] INFO  o.eclipse.m2e.core.internal.Bundles - 	Entry: D:\software\sts\sts-4.24.0.RELEASE\plugins\org.eclipse.m2e.maven.runtime_3.9.700.20240602-2313\jars\plexus-sec-dispatcher-2.0.jar
2025-03-13 22:44:38,669 [Worker-119: Launching parent-pom] INFO  o.eclipse.m2e.core.internal.Bundles - 	Entry: D:\software\sts\sts-4.24.0.RELEASE\plugins\org.eclipse.m2e.maven.runtime_3.9.700.20240602-2313\jars\plexus-utils-3.5.1.jar
2025-03-13 22:44:38,669 [Worker-119: Launching parent-pom] INFO  o.eclipse.m2e.core.internal.Bundles - 	Entry: D:\software\sts\sts-4.24.0.RELEASE\plugins\org.eclipse.m2e.maven.runtime_3.9.700.20240602-2313\jars\wagon-file-3.5.3.jar
2025-03-13 22:44:38,670 [Worker-119: Launching parent-pom] INFO  o.eclipse.m2e.core.internal.Bundles - 	Entry: D:\software\sts\sts-4.24.0.RELEASE\plugins\org.eclipse.m2e.maven.runtime_3.9.700.20240602-2313\jars\wagon-http-3.5.3.jar
2025-03-13 22:44:38,670 [Worker-119: Launching parent-pom] INFO  o.eclipse.m2e.core.internal.Bundles - 	Entry: D:\software\sts\sts-4.24.0.RELEASE\plugins\org.eclipse.m2e.maven.runtime_3.9.700.20240602-2313\jars\wagon-http-shared-3.5.3.jar
2025-03-13 22:44:38,670 [Worker-119: Launching parent-pom] INFO  o.eclipse.m2e.core.internal.Bundles - 	Entry: D:\software\sts\sts-4.24.0.RELEASE\plugins\org.eclipse.m2e.maven.runtime_3.9.700.20240602-2313\jars\wagon-provider-api-3.5.3.jar
2025-03-13 22:44:38,670 [Worker-119: Launching parent-pom] INFO  o.eclipse.m2e.core.internal.Bundles - getClasspathEntries(Bundle=com.google.guava_33.2.0.jre [29])
2025-03-13 22:44:38,671 [Worker-119: Launching parent-pom] INFO  o.eclipse.m2e.core.internal.Bundles - 	Entry: D:\software\sts\sts-4.24.0.RELEASE\plugins\com.google.guava_33.2.0.jre.jar
2025-03-13 22:44:38,671 [Worker-119: Launching parent-pom] INFO  o.eclipse.m2e.core.internal.Bundles - getClasspathEntries(Bundle=slf4j.api_2.0.13 [592])
2025-03-13 22:44:38,672 [Worker-119: Launching parent-pom] INFO  o.eclipse.m2e.core.internal.Bundles - 	Entry: D:\software\sts\sts-4.24.0.RELEASE\plugins\slf4j.api_2.0.13.jar
2025-03-13 22:44:38,672 [Worker-119: Launching parent-pom] INFO  o.eclipse.m2e.core.internal.Bundles - getClasspathEntries(Bundle=jakarta.inject.jakarta.inject-api_1.0.5 [44])
2025-03-13 22:44:38,673 [Worker-119: Launching parent-pom] INFO  o.eclipse.m2e.core.internal.Bundles - 	Entry: D:\software\sts\sts-4.24.0.RELEASE\plugins\jakarta.inject.jakarta.inject-api_1.0.5.jar
2025-03-13 22:44:38,673 [Worker-119: Launching parent-pom] INFO  o.eclipse.m2e.core.internal.Bundles - getClasspathEntries(Bundle=javax.annotation_1.3.5.v20200909-1856 [53])
2025-03-13 22:44:38,674 [Worker-119: Launching parent-pom] INFO  o.eclipse.m2e.core.internal.Bundles - 	Entry: D:\software\sts\sts-4.24.0.RELEASE\plugins\javax.annotation_1.3.5.v20200909-1856.jar
2025-03-13 22:44:38,674 [Worker-119: Launching parent-pom] INFO  o.eclipse.m2e.core.internal.Bundles - getClasspathEntries(Bundle=org.apache.commons.cli_1.8.0 [76])
2025-03-13 22:44:38,675 [Worker-119: Launching parent-pom] INFO  o.eclipse.m2e.core.internal.Bundles - 	Entry: D:\software\sts\sts-4.24.0.RELEASE\plugins\org.apache.commons.cli_1.8.0.jar
2025-03-13 22:44:38,675 [Worker-119: Launching parent-pom] INFO  o.eclipse.m2e.core.internal.Bundles - getClasspathEntries(Bundle=org.apache.commons.commons-codec_1.16.0 [78])
2025-03-13 22:44:38,676 [Worker-119: Launching parent-pom] INFO  o.eclipse.m2e.core.internal.Bundles - 	Entry: D:\software\sts\sts-4.24.0.RELEASE\plugins\org.apache.commons.commons-codec_1.16.0.jar
2025-03-13 22:44:38,677 [Worker-119: Launching parent-pom] INFO  o.eclipse.m2e.core.internal.Bundles - getClasspathEntries(Bundle=org.apache.commons.lang3_3.14.0 [82])
2025-03-13 22:44:38,678 [Worker-119: Launching parent-pom] INFO  o.eclipse.m2e.core.internal.Bundles - 	Entry: D:\software\sts\sts-4.24.0.RELEASE\plugins\org.apache.commons.lang3_3.14.0.jar
2025-03-13 22:44:38,678 [Worker-119: Launching parent-pom] INFO  o.eclipse.m2e.core.internal.Bundles - getClasspathEntries(Bundle=com.google.guava.failureaccess_1.0.2 [30])
2025-03-13 22:44:38,678 [Worker-119: Launching parent-pom] INFO  o.eclipse.m2e.core.internal.Bundles - 	Entry: D:\software\sts\sts-4.24.0.RELEASE\plugins\com.google.guava.failureaccess_1.0.2.jar
2025-03-13 22:44:38,681 [Worker-119: Launching parent-pom] INFO  o.e.m.i.launch.MavenLaunchDelegate - Run build in "D:\workspacesreenutechnologies\class\parent-pom":
2025-03-13 22:44:38,681 [Worker-119: Launching parent-pom] INFO  o.e.m.i.launch.MavenLaunchDelegate -  mvn  -B -Dstyle.color=always 
2025-03-13 22:45:14,548 [Worker-122: Launching Executing install in D__workspacesreenutechnologies_class_parent-pom] INFO  o.eclipse.m2e.core.internal.Bundles - getClasspathEntries(Bundle=org.eclipse.m2e.maven.runtime_3.9.700.20240602-2313 [359])
2025-03-13 22:45:14,549 [Worker-122: Launching Executing install in D__workspacesreenutechnologies_class_parent-pom] INFO  o.eclipse.m2e.core.internal.Bundles - 	Entry: D:\software\sts\sts-4.24.0.RELEASE\plugins\org.eclipse.m2e.maven.runtime_3.9.700.20240602-2313
2025-03-13 22:45:14,549 [Worker-122: Launching Executing install in D__workspacesreenutechnologies_class_parent-pom] INFO  o.eclipse.m2e.core.internal.Bundles - 	Entry: D:\software\sts\sts-4.24.0.RELEASE\plugins\org.eclipse.m2e.maven.runtime_3.9.700.20240602-2313\jars\aopalliance-1.0.jar
2025-03-13 22:45:14,549 [Worker-122: Launching Executing install in D__workspacesreenutechnologies_class_parent-pom] INFO  o.eclipse.m2e.core.internal.Bundles - 	Entry: D:\software\sts\sts-4.24.0.RELEASE\plugins\org.eclipse.m2e.maven.runtime_3.9.700.20240602-2313\jars\guice-5.1.0.jar
2025-03-13 22:45:14,549 [Worker-122: Launching Executing install in D__workspacesreenutechnologies_class_parent-pom] INFO  o.eclipse.m2e.core.internal.Bundles - 	Entry: D:\software\sts\sts-4.24.0.RELEASE\plugins\org.eclipse.m2e.maven.runtime_3.9.700.20240602-2313\jars\httpclient-4.5.14.jar
2025-03-13 22:45:14,549 [Worker-122: Launching Executing install in D__workspacesreenutechnologies_class_parent-pom] INFO  o.eclipse.m2e.core.internal.Bundles - 	Entry: D:\software\sts\sts-4.24.0.RELEASE\plugins\org.eclipse.m2e.maven.runtime_3.9.700.20240602-2313\jars\httpcore-4.4.16.jar
2025-03-13 22:45:14,549 [Worker-122: Launching Executing install in D__workspacesreenutechnologies_class_parent-pom] INFO  o.eclipse.m2e.core.internal.Bundles - 	Entry: D:\software\sts\sts-4.24.0.RELEASE\plugins\org.eclipse.m2e.maven.runtime_3.9.700.20240602-2313\jars\jansi-2.4.1.jar
2025-03-13 22:45:14,549 [Worker-122: Launching Executing install in D__workspacesreenutechnologies_class_parent-pom] INFO  o.eclipse.m2e.core.internal.Bundles - 	Entry: D:\software\sts\sts-4.24.0.RELEASE\plugins\org.eclipse.m2e.maven.runtime_3.9.700.20240602-2313\jars\jcl-over-slf4j-1.7.36.jar
2025-03-13 22:45:14,549 [Worker-122: Launching Executing install in D__workspacesreenutechnologies_class_parent-pom] INFO  o.eclipse.m2e.core.internal.Bundles - 	Entry: D:\software\sts\sts-4.24.0.RELEASE\plugins\org.eclipse.m2e.maven.runtime_3.9.700.20240602-2313\jars\maven-artifact-3.9.7.jar
2025-03-13 22:45:14,553 [Worker-122: Launching Executing install in D__workspacesreenutechnologies_class_parent-pom] INFO  o.eclipse.m2e.core.internal.Bundles - 	Entry: D:\software\sts\sts-4.24.0.RELEASE\plugins\org.eclipse.m2e.maven.runtime_3.9.700.20240602-2313\jars\maven-builder-support-3.9.7.jar
2025-03-13 22:45:14,553 [Worker-122: Launching Executing install in D__workspacesreenutechnologies_class_parent-pom] INFO  o.eclipse.m2e.core.internal.Bundles - 	Entry: D:\software\sts\sts-4.24.0.RELEASE\plugins\org.eclipse.m2e.maven.runtime_3.9.700.20240602-2313\jars\maven-compat-3.9.7.jar
2025-03-13 22:45:14,553 [Worker-122: Launching Executing install in D__workspacesreenutechnologies_class_parent-pom] INFO  o.eclipse.m2e.core.internal.Bundles - 	Entry: D:\software\sts\sts-4.24.0.RELEASE\plugins\org.eclipse.m2e.maven.runtime_3.9.700.20240602-2313\jars\maven-core-3.9.7.jar
2025-03-13 22:45:14,553 [Worker-122: Launching Executing install in D__workspacesreenutechnologies_class_parent-pom] INFO  o.eclipse.m2e.core.internal.Bundles - 	Entry: D:\software\sts\sts-4.24.0.RELEASE\plugins\org.eclipse.m2e.maven.runtime_3.9.700.20240602-2313\jars\maven-embedder-3.9.7.jar
2025-03-13 22:45:14,553 [Worker-122: Launching Executing install in D__workspacesreenutechnologies_class_parent-pom] INFO  o.eclipse.m2e.core.internal.Bundles - 	Entry: D:\software\sts\sts-4.24.0.RELEASE\plugins\org.eclipse.m2e.maven.runtime_3.9.700.20240602-2313\jars\maven-model-3.9.7.jar
2025-03-13 22:45:14,553 [Worker-122: Launching Executing install in D__workspacesreenutechnologies_class_parent-pom] INFO  o.eclipse.m2e.core.internal.Bundles - 	Entry: D:\software\sts\sts-4.24.0.RELEASE\plugins\org.eclipse.m2e.maven.runtime_3.9.700.20240602-2313\jars\maven-model-builder-3.9.7.jar
2025-03-13 22:45:14,553 [Worker-122: Launching Executing install in D__workspacesreenutechnologies_class_parent-pom] INFO  o.eclipse.m2e.core.internal.Bundles - 	Entry: D:\software\sts\sts-4.24.0.RELEASE\plugins\org.eclipse.m2e.maven.runtime_3.9.700.20240602-2313\jars\maven-plugin-api-3.9.7.jar
2025-03-13 22:45:14,553 [Worker-122: Launching Executing install in D__workspacesreenutechnologies_class_parent-pom] INFO  o.eclipse.m2e.core.internal.Bundles - 	Entry: D:\software\sts\sts-4.24.0.RELEASE\plugins\org.eclipse.m2e.maven.runtime_3.9.700.20240602-2313\jars\maven-repository-metadata-3.9.7.jar
2025-03-13 22:45:14,553 [Worker-122: Launching Executing install in D__workspacesreenutechnologies_class_parent-pom] INFO  o.eclipse.m2e.core.internal.Bundles - 	Entry: D:\software\sts\sts-4.24.0.RELEASE\plugins\org.eclipse.m2e.maven.runtime_3.9.700.20240602-2313\jars\maven-resolver-api-1.9.20.jar
2025-03-13 22:45:14,553 [Worker-122: Launching Executing install in D__workspacesreenutechnologies_class_parent-pom] INFO  o.eclipse.m2e.core.internal.Bundles - 	Entry: D:\software\sts\sts-4.24.0.RELEASE\plugins\org.eclipse.m2e.maven.runtime_3.9.700.20240602-2313\jars\maven-resolver-connector-basic-1.9.20.jar
2025-03-13 22:45:14,553 [Worker-122: Launching Executing install in D__workspacesreenutechnologies_class_parent-pom] INFO  o.eclipse.m2e.core.internal.Bundles - 	Entry: D:\software\sts\sts-4.24.0.RELEASE\plugins\org.eclipse.m2e.maven.runtime_3.9.700.20240602-2313\jars\maven-resolver-impl-1.9.20.jar
2025-03-13 22:45:14,553 [Worker-122: Launching Executing install in D__workspacesreenutechnologies_class_parent-pom] INFO  o.eclipse.m2e.core.internal.Bundles - 	Entry: D:\software\sts\sts-4.24.0.RELEASE\plugins\org.eclipse.m2e.maven.runtime_3.9.700.20240602-2313\jars\maven-resolver-named-locks-1.9.20.jar
2025-03-13 22:45:14,553 [Worker-122: Launching Executing install in D__workspacesreenutechnologies_class_parent-pom] INFO  o.eclipse.m2e.core.internal.Bundles - 	Entry: D:\software\sts\sts-4.24.0.RELEASE\plugins\org.eclipse.m2e.maven.runtime_3.9.700.20240602-2313\jars\maven-resolver-provider-3.9.7.jar
2025-03-13 22:45:14,553 [Worker-122: Launching Executing install in D__workspacesreenutechnologies_class_parent-pom] INFO  o.eclipse.m2e.core.internal.Bundles - 	Entry: D:\software\sts\sts-4.24.0.RELEASE\plugins\org.eclipse.m2e.maven.runtime_3.9.700.20240602-2313\jars\maven-resolver-spi-1.9.20.jar
2025-03-13 22:45:14,553 [Worker-122: Launching Executing install in D__workspacesreenutechnologies_class_parent-pom] INFO  o.eclipse.m2e.core.internal.Bundles - 	Entry: D:\software\sts\sts-4.24.0.RELEASE\plugins\org.eclipse.m2e.maven.runtime_3.9.700.20240602-2313\jars\maven-resolver-transport-file-1.9.20.jar
2025-03-13 22:45:14,553 [Worker-122: Launching Executing install in D__workspacesreenutechnologies_class_parent-pom] INFO  o.eclipse.m2e.core.internal.Bundles - 	Entry: D:\software\sts\sts-4.24.0.RELEASE\plugins\org.eclipse.m2e.maven.runtime_3.9.700.20240602-2313\jars\maven-resolver-transport-http-1.9.20.jar
2025-03-13 22:45:14,553 [Worker-122: Launching Executing install in D__workspacesreenutechnologies_class_parent-pom] INFO  o.eclipse.m2e.core.internal.Bundles - 	Entry: D:\software\sts\sts-4.24.0.RELEASE\plugins\org.eclipse.m2e.maven.runtime_3.9.700.20240602-2313\jars\maven-resolver-transport-wagon-1.9.20.jar
2025-03-13 22:45:14,554 [Worker-122: Launching Executing install in D__workspacesreenutechnologies_class_parent-pom] INFO  o.eclipse.m2e.core.internal.Bundles - 	Entry: D:\software\sts\sts-4.24.0.RELEASE\plugins\org.eclipse.m2e.maven.runtime_3.9.700.20240602-2313\jars\maven-resolver-util-1.9.20.jar
2025-03-13 22:45:14,554 [Worker-122: Launching Executing install in D__workspacesreenutechnologies_class_parent-pom] INFO  o.eclipse.m2e.core.internal.Bundles - 	Entry: D:\software\sts\sts-4.24.0.RELEASE\plugins\org.eclipse.m2e.maven.runtime_3.9.700.20240602-2313\jars\maven-settings-3.9.7.jar
2025-03-13 22:45:14,554 [Worker-122: Launching Executing install in D__workspacesreenutechnologies_class_parent-pom] INFO  o.eclipse.m2e.core.internal.Bundles - 	Entry: D:\software\sts\sts-4.24.0.RELEASE\plugins\org.eclipse.m2e.maven.runtime_3.9.700.20240602-2313\jars\maven-settings-builder-3.9.7.jar
2025-03-13 22:45:14,554 [Worker-122: Launching Executing install in D__workspacesreenutechnologies_class_parent-pom] INFO  o.eclipse.m2e.core.internal.Bundles - 	Entry: D:\software\sts\sts-4.24.0.RELEASE\plugins\org.eclipse.m2e.maven.runtime_3.9.700.20240602-2313\jars\maven-shared-utils-3.4.2.jar
2025-03-13 22:45:14,554 [Worker-122: Launching Executing install in D__workspacesreenutechnologies_class_parent-pom] INFO  o.eclipse.m2e.core.internal.Bundles - 	Entry: D:\software\sts\sts-4.24.0.RELEASE\plugins\org.eclipse.m2e.maven.runtime_3.9.700.20240602-2313\jars\org.eclipse.sisu.inject-0.9.0.M2.jar
2025-03-13 22:45:14,554 [Worker-122: Launching Executing install in D__workspacesreenutechnologies_class_parent-pom] INFO  o.eclipse.m2e.core.internal.Bundles - 	Entry: D:\software\sts\sts-4.24.0.RELEASE\plugins\org.eclipse.m2e.maven.runtime_3.9.700.20240602-2313\jars\org.eclipse.sisu.plexus-0.9.0.M2.jar
2025-03-13 22:45:14,554 [Worker-122: Launching Executing install in D__workspacesreenutechnologies_class_parent-pom] INFO  o.eclipse.m2e.core.internal.Bundles - 	Entry: D:\software\sts\sts-4.24.0.RELEASE\plugins\org.eclipse.m2e.maven.runtime_3.9.700.20240602-2313\jars\plexus-build-api-0.0.7.jar
2025-03-13 22:45:14,554 [Worker-122: Launching Executing install in D__workspacesreenutechnologies_class_parent-pom] INFO  o.eclipse.m2e.core.internal.Bundles - 	Entry: D:\software\sts\sts-4.24.0.RELEASE\plugins\org.eclipse.m2e.maven.runtime_3.9.700.20240602-2313\jars\plexus-build-api-1.2.0.jar
2025-03-13 22:45:14,554 [Worker-122: Launching Executing install in D__workspacesreenutechnologies_class_parent-pom] INFO  o.eclipse.m2e.core.internal.Bundles - 	Entry: D:\software\sts\sts-4.24.0.RELEASE\plugins\org.eclipse.m2e.maven.runtime_3.9.700.20240602-2313\jars\plexus-cipher-2.0.jar
2025-03-13 22:45:14,554 [Worker-122: Launching Executing install in D__workspacesreenutechnologies_class_parent-pom] INFO  o.eclipse.m2e.core.internal.Bundles - 	Entry: D:\software\sts\sts-4.24.0.RELEASE\plugins\org.eclipse.m2e.maven.runtime_3.9.700.20240602-2313\jars\plexus-classworlds-2.8.0.jar
2025-03-13 22:45:14,554 [Worker-122: Launching Executing install in D__workspacesreenutechnologies_class_parent-pom] INFO  o.eclipse.m2e.core.internal.Bundles - 	Entry: D:\software\sts\sts-4.24.0.RELEASE\plugins\org.eclipse.m2e.maven.runtime_3.9.700.20240602-2313\jars\plexus-component-annotations-2.1.0.jar
2025-03-13 22:45:14,554 [Worker-122: Launching Executing install in D__workspacesreenutechnologies_class_parent-pom] INFO  o.eclipse.m2e.core.internal.Bundles - 	Entry: D:\software\sts\sts-4.24.0.RELEASE\plugins\org.eclipse.m2e.maven.runtime_3.9.700.20240602-2313\jars\plexus-interpolation-1.27.jar
2025-03-13 22:45:14,554 [Worker-122: Launching Executing install in D__workspacesreenutechnologies_class_parent-pom] INFO  o.eclipse.m2e.core.internal.Bundles - 	Entry: D:\software\sts\sts-4.24.0.RELEASE\plugins\org.eclipse.m2e.maven.runtime_3.9.700.20240602-2313\jars\plexus-sec-dispatcher-2.0.jar
2025-03-13 22:45:14,554 [Worker-122: Launching Executing install in D__workspacesreenutechnologies_class_parent-pom] INFO  o.eclipse.m2e.core.internal.Bundles - 	Entry: D:\software\sts\sts-4.24.0.RELEASE\plugins\org.eclipse.m2e.maven.runtime_3.9.700.20240602-2313\jars\plexus-utils-3.5.1.jar
2025-03-13 22:45:14,555 [Worker-122: Launching Executing install in D__workspacesreenutechnologies_class_parent-pom] INFO  o.eclipse.m2e.core.internal.Bundles - 	Entry: D:\software\sts\sts-4.24.0.RELEASE\plugins\org.eclipse.m2e.maven.runtime_3.9.700.20240602-2313\jars\wagon-file-3.5.3.jar
2025-03-13 22:45:14,555 [Worker-122: Launching Executing install in D__workspacesreenutechnologies_class_parent-pom] INFO  o.eclipse.m2e.core.internal.Bundles - 	Entry: D:\software\sts\sts-4.24.0.RELEASE\plugins\org.eclipse.m2e.maven.runtime_3.9.700.20240602-2313\jars\wagon-http-3.5.3.jar
2025-03-13 22:45:14,555 [Worker-122: Launching Executing install in D__workspacesreenutechnologies_class_parent-pom] INFO  o.eclipse.m2e.core.internal.Bundles - 	Entry: D:\software\sts\sts-4.24.0.RELEASE\plugins\org.eclipse.m2e.maven.runtime_3.9.700.20240602-2313\jars\wagon-http-shared-3.5.3.jar
2025-03-13 22:45:14,555 [Worker-122: Launching Executing install in D__workspacesreenutechnologies_class_parent-pom] INFO  o.eclipse.m2e.core.internal.Bundles - 	Entry: D:\software\sts\sts-4.24.0.RELEASE\plugins\org.eclipse.m2e.maven.runtime_3.9.700.20240602-2313\jars\wagon-provider-api-3.5.3.jar
2025-03-13 22:45:14,555 [Worker-122: Launching Executing install in D__workspacesreenutechnologies_class_parent-pom] INFO  o.eclipse.m2e.core.internal.Bundles - getClasspathEntries(Bundle=com.google.guava_33.2.0.jre [29])
2025-03-13 22:45:14,556 [Worker-122: Launching Executing install in D__workspacesreenutechnologies_class_parent-pom] INFO  o.eclipse.m2e.core.internal.Bundles - 	Entry: D:\software\sts\sts-4.24.0.RELEASE\plugins\com.google.guava_33.2.0.jre.jar
2025-03-13 22:45:14,626 [Worker-122: Launching Executing install in D__workspacesreenutechnologies_class_parent-pom] INFO  o.eclipse.m2e.core.internal.Bundles - getClasspathEntries(Bundle=slf4j.api_2.0.13 [592])
2025-03-13 22:45:14,626 [Worker-122: Launching Executing install in D__workspacesreenutechnologies_class_parent-pom] INFO  o.eclipse.m2e.core.internal.Bundles - 	Entry: D:\software\sts\sts-4.24.0.RELEASE\plugins\slf4j.api_2.0.13.jar
2025-03-13 22:45:14,626 [Worker-122: Launching Executing install in D__workspacesreenutechnologies_class_parent-pom] INFO  o.eclipse.m2e.core.internal.Bundles - getClasspathEntries(Bundle=jakarta.inject.jakarta.inject-api_1.0.5 [44])
2025-03-13 22:45:14,627 [Worker-122: Launching Executing install in D__workspacesreenutechnologies_class_parent-pom] INFO  o.eclipse.m2e.core.internal.Bundles - 	Entry: D:\software\sts\sts-4.24.0.RELEASE\plugins\jakarta.inject.jakarta.inject-api_1.0.5.jar
2025-03-13 22:45:14,628 [Worker-122: Launching Executing install in D__workspacesreenutechnologies_class_parent-pom] INFO  o.eclipse.m2e.core.internal.Bundles - getClasspathEntries(Bundle=javax.annotation_1.3.5.v20200909-1856 [53])
2025-03-13 22:45:14,629 [Worker-122: Launching Executing install in D__workspacesreenutechnologies_class_parent-pom] INFO  o.eclipse.m2e.core.internal.Bundles - 	Entry: D:\software\sts\sts-4.24.0.RELEASE\plugins\javax.annotation_1.3.5.v20200909-1856.jar
2025-03-13 22:45:14,629 [Worker-122: Launching Executing install in D__workspacesreenutechnologies_class_parent-pom] INFO  o.eclipse.m2e.core.internal.Bundles - getClasspathEntries(Bundle=org.apache.commons.cli_1.8.0 [76])
2025-03-13 22:45:14,629 [Worker-122: Launching Executing install in D__workspacesreenutechnologies_class_parent-pom] INFO  o.eclipse.m2e.core.internal.Bundles - 	Entry: D:\software\sts\sts-4.24.0.RELEASE\plugins\org.apache.commons.cli_1.8.0.jar
2025-03-13 22:45:14,629 [Worker-122: Launching Executing install in D__workspacesreenutechnologies_class_parent-pom] INFO  o.eclipse.m2e.core.internal.Bundles - getClasspathEntries(Bundle=org.apache.commons.commons-codec_1.16.0 [78])
2025-03-13 22:45:14,630 [Worker-122: Launching Executing install in D__workspacesreenutechnologies_class_parent-pom] INFO  o.eclipse.m2e.core.internal.Bundles - 	Entry: D:\software\sts\sts-4.24.0.RELEASE\plugins\org.apache.commons.commons-codec_1.16.0.jar
2025-03-13 22:45:14,630 [Worker-122: Launching Executing install in D__workspacesreenutechnologies_class_parent-pom] INFO  o.eclipse.m2e.core.internal.Bundles - getClasspathEntries(Bundle=org.apache.commons.lang3_3.14.0 [82])
2025-03-13 22:45:14,631 [Worker-122: Launching Executing install in D__workspacesreenutechnologies_class_parent-pom] INFO  o.eclipse.m2e.core.internal.Bundles - 	Entry: D:\software\sts\sts-4.24.0.RELEASE\plugins\org.apache.commons.lang3_3.14.0.jar
2025-03-13 22:45:14,631 [Worker-122: Launching Executing install in D__workspacesreenutechnologies_class_parent-pom] INFO  o.eclipse.m2e.core.internal.Bundles - getClasspathEntries(Bundle=com.google.guava.failureaccess_1.0.2 [30])
2025-03-13 22:45:14,631 [Worker-122: Launching Executing install in D__workspacesreenutechnologies_class_parent-pom] INFO  o.eclipse.m2e.core.internal.Bundles - 	Entry: D:\software\sts\sts-4.24.0.RELEASE\plugins\com.google.guava.failureaccess_1.0.2.jar
2025-03-13 22:45:14,633 [Worker-122: Launching Executing install in D__workspacesreenutechnologies_class_parent-pom] INFO  o.e.m.i.launch.MavenLaunchDelegate - Run build in "D:\workspacesreenutechnologies\class\parent-pom":
2025-03-13 22:45:14,633 [Worker-122: Launching Executing install in D__workspacesreenutechnologies_class_parent-pom] INFO  o.e.m.i.launch.MavenLaunchDelegate -  mvn  -B -Dstyle.color=always install
2025-03-14 00:53:50,681 [Worker-127: Launching Executing install in D__workspacesreenutechnologies_class_parent-pom] INFO  o.eclipse.m2e.core.internal.Bundles - getClasspathEntries(Bundle=org.eclipse.m2e.maven.runtime_3.9.700.20240602-2313 [359])
2025-03-14 00:53:50,701 [Worker-127: Launching Executing install in D__workspacesreenutechnologies_class_parent-pom] INFO  o.eclipse.m2e.core.internal.Bundles - 	Entry: D:\software\sts\sts-4.24.0.RELEASE\plugins\org.eclipse.m2e.maven.runtime_3.9.700.20240602-2313
2025-03-14 00:53:50,701 [Worker-127: Launching Executing install in D__workspacesreenutechnologies_class_parent-pom] INFO  o.eclipse.m2e.core.internal.Bundles - 	Entry: D:\software\sts\sts-4.24.0.RELEASE\plugins\org.eclipse.m2e.maven.runtime_3.9.700.20240602-2313\jars\aopalliance-1.0.jar
2025-03-14 00:53:50,701 [Worker-127: Launching Executing install in D__workspacesreenutechnologies_class_parent-pom] INFO  o.eclipse.m2e.core.internal.Bundles - 	Entry: D:\software\sts\sts-4.24.0.RELEASE\plugins\org.eclipse.m2e.maven.runtime_3.9.700.20240602-2313\jars\guice-5.1.0.jar
2025-03-14 00:53:50,701 [Worker-127: Launching Executing install in D__workspacesreenutechnologies_class_parent-pom] INFO  o.eclipse.m2e.core.internal.Bundles - 	Entry: D:\software\sts\sts-4.24.0.RELEASE\plugins\org.eclipse.m2e.maven.runtime_3.9.700.20240602-2313\jars\httpclient-4.5.14.jar
2025-03-14 00:53:50,701 [Worker-127: Launching Executing install in D__workspacesreenutechnologies_class_parent-pom] INFO  o.eclipse.m2e.core.internal.Bundles - 	Entry: D:\software\sts\sts-4.24.0.RELEASE\plugins\org.eclipse.m2e.maven.runtime_3.9.700.20240602-2313\jars\httpcore-4.4.16.jar
2025-03-14 00:53:50,701 [Worker-127: Launching Executing install in D__workspacesreenutechnologies_class_parent-pom] INFO  o.eclipse.m2e.core.internal.Bundles - 	Entry: D:\software\sts\sts-4.24.0.RELEASE\plugins\org.eclipse.m2e.maven.runtime_3.9.700.20240602-2313\jars\jansi-2.4.1.jar
2025-03-14 00:53:50,701 [Worker-127: Launching Executing install in D__workspacesreenutechnologies_class_parent-pom] INFO  o.eclipse.m2e.core.internal.Bundles - 	Entry: D:\software\sts\sts-4.24.0.RELEASE\plugins\org.eclipse.m2e.maven.runtime_3.9.700.20240602-2313\jars\jcl-over-slf4j-1.7.36.jar
2025-03-14 00:53:50,702 [Worker-127: Launching Executing install in D__workspacesreenutechnologies_class_parent-pom] INFO  o.eclipse.m2e.core.internal.Bundles - 	Entry: D:\software\sts\sts-4.24.0.RELEASE\plugins\org.eclipse.m2e.maven.runtime_3.9.700.20240602-2313\jars\maven-artifact-3.9.7.jar
2025-03-14 00:53:50,702 [Worker-127: Launching Executing install in D__workspacesreenutechnologies_class_parent-pom] INFO  o.eclipse.m2e.core.internal.Bundles - 	Entry: D:\software\sts\sts-4.24.0.RELEASE\plugins\org.eclipse.m2e.maven.runtime_3.9.700.20240602-2313\jars\maven-builder-support-3.9.7.jar
2025-03-14 00:53:50,702 [Worker-127: Launching Executing install in D__workspacesreenutechnologies_class_parent-pom] INFO  o.eclipse.m2e.core.internal.Bundles - 	Entry: D:\software\sts\sts-4.24.0.RELEASE\plugins\org.eclipse.m2e.maven.runtime_3.9.700.20240602-2313\jars\maven-compat-3.9.7.jar
2025-03-14 00:53:50,702 [Worker-127: Launching Executing install in D__workspacesreenutechnologies_class_parent-pom] INFO  o.eclipse.m2e.core.internal.Bundles - 	Entry: D:\software\sts\sts-4.24.0.RELEASE\plugins\org.eclipse.m2e.maven.runtime_3.9.700.20240602-2313\jars\maven-core-3.9.7.jar
2025-03-14 00:53:50,702 [Worker-127: Launching Executing install in D__workspacesreenutechnologies_class_parent-pom] INFO  o.eclipse.m2e.core.internal.Bundles - 	Entry: D:\software\sts\sts-4.24.0.RELEASE\plugins\org.eclipse.m2e.maven.runtime_3.9.700.20240602-2313\jars\maven-embedder-3.9.7.jar
2025-03-14 00:53:50,702 [Worker-127: Launching Executing install in D__workspacesreenutechnologies_class_parent-pom] INFO  o.eclipse.m2e.core.internal.Bundles - 	Entry: D:\software\sts\sts-4.24.0.RELEASE\plugins\org.eclipse.m2e.maven.runtime_3.9.700.20240602-2313\jars\maven-model-3.9.7.jar
2025-03-14 00:53:50,702 [Worker-127: Launching Executing install in D__workspacesreenutechnologies_class_parent-pom] INFO  o.eclipse.m2e.core.internal.Bundles - 	Entry: D:\software\sts\sts-4.24.0.RELEASE\plugins\org.eclipse.m2e.maven.runtime_3.9.700.20240602-2313\jars\maven-model-builder-3.9.7.jar
2025-03-14 00:53:50,702 [Worker-127: Launching Executing install in D__workspacesreenutechnologies_class_parent-pom] INFO  o.eclipse.m2e.core.internal.Bundles - 	Entry: D:\software\sts\sts-4.24.0.RELEASE\plugins\org.eclipse.m2e.maven.runtime_3.9.700.20240602-2313\jars\maven-plugin-api-3.9.7.jar
2025-03-14 00:53:50,702 [Worker-127: Launching Executing install in D__workspacesreenutechnologies_class_parent-pom] INFO  o.eclipse.m2e.core.internal.Bundles - 	Entry: D:\software\sts\sts-4.24.0.RELEASE\plugins\org.eclipse.m2e.maven.runtime_3.9.700.20240602-2313\jars\maven-repository-metadata-3.9.7.jar
2025-03-14 00:53:50,702 [Worker-127: Launching Executing install in D__workspacesreenutechnologies_class_parent-pom] INFO  o.eclipse.m2e.core.internal.Bundles - 	Entry: D:\software\sts\sts-4.24.0.RELEASE\plugins\org.eclipse.m2e.maven.runtime_3.9.700.20240602-2313\jars\maven-resolver-api-1.9.20.jar
2025-03-14 00:53:50,702 [Worker-127: Launching Executing install in D__workspacesreenutechnologies_class_parent-pom] INFO  o.eclipse.m2e.core.internal.Bundles - 	Entry: D:\software\sts\sts-4.24.0.RELEASE\plugins\org.eclipse.m2e.maven.runtime_3.9.700.20240602-2313\jars\maven-resolver-connector-basic-1.9.20.jar
2025-03-14 00:53:50,702 [Worker-127: Launching Executing install in D__workspacesreenutechnologies_class_parent-pom] INFO  o.eclipse.m2e.core.internal.Bundles - 	Entry: D:\software\sts\sts-4.24.0.RELEASE\plugins\org.eclipse.m2e.maven.runtime_3.9.700.20240602-2313\jars\maven-resolver-impl-1.9.20.jar
2025-03-14 00:53:50,702 [Worker-127: Launching Executing install in D__workspacesreenutechnologies_class_parent-pom] INFO  o.eclipse.m2e.core.internal.Bundles - 	Entry: D:\software\sts\sts-4.24.0.RELEASE\plugins\org.eclipse.m2e.maven.runtime_3.9.700.20240602-2313\jars\maven-resolver-named-locks-1.9.20.jar
2025-03-14 00:53:50,702 [Worker-127: Launching Executing install in D__workspacesreenutechnologies_class_parent-pom] INFO  o.eclipse.m2e.core.internal.Bundles - 	Entry: D:\software\sts\sts-4.24.0.RELEASE\plugins\org.eclipse.m2e.maven.runtime_3.9.700.20240602-2313\jars\maven-resolver-provider-3.9.7.jar
2025-03-14 00:53:50,702 [Worker-127: Launching Executing install in D__workspacesreenutechnologies_class_parent-pom] INFO  o.eclipse.m2e.core.internal.Bundles - 	Entry: D:\software\sts\sts-4.24.0.RELEASE\plugins\org.eclipse.m2e.maven.runtime_3.9.700.20240602-2313\jars\maven-resolver-spi-1.9.20.jar
2025-03-14 00:53:50,702 [Worker-127: Launching Executing install in D__workspacesreenutechnologies_class_parent-pom] INFO  o.eclipse.m2e.core.internal.Bundles - 	Entry: D:\software\sts\sts-4.24.0.RELEASE\plugins\org.eclipse.m2e.maven.runtime_3.9.700.20240602-2313\jars\maven-resolver-transport-file-1.9.20.jar
2025-03-14 00:53:50,702 [Worker-127: Launching Executing install in D__workspacesreenutechnologies_class_parent-pom] INFO  o.eclipse.m2e.core.internal.Bundles - 	Entry: D:\software\sts\sts-4.24.0.RELEASE\plugins\org.eclipse.m2e.maven.runtime_3.9.700.20240602-2313\jars\maven-resolver-transport-http-1.9.20.jar
2025-03-14 00:53:50,702 [Worker-127: Launching Executing install in D__workspacesreenutechnologies_class_parent-pom] INFO  o.eclipse.m2e.core.internal.Bundles - 	Entry: D:\software\sts\sts-4.24.0.RELEASE\plugins\org.eclipse.m2e.maven.runtime_3.9.700.20240602-2313\jars\maven-resolver-transport-wagon-1.9.20.jar
2025-03-14 00:53:50,703 [Worker-127: Launching Executing install in D__workspacesreenutechnologies_class_parent-pom] INFO  o.eclipse.m2e.core.internal.Bundles - 	Entry: D:\software\sts\sts-4.24.0.RELEASE\plugins\org.eclipse.m2e.maven.runtime_3.9.700.20240602-2313\jars\maven-resolver-util-1.9.20.jar
2025-03-14 00:53:50,703 [Worker-127: Launching Executing install in D__workspacesreenutechnologies_class_parent-pom] INFO  o.eclipse.m2e.core.internal.Bundles - 	Entry: D:\software\sts\sts-4.24.0.RELEASE\plugins\org.eclipse.m2e.maven.runtime_3.9.700.20240602-2313\jars\maven-settings-3.9.7.jar
2025-03-14 00:53:50,703 [Worker-127: Launching Executing install in D__workspacesreenutechnologies_class_parent-pom] INFO  o.eclipse.m2e.core.internal.Bundles - 	Entry: D:\software\sts\sts-4.24.0.RELEASE\plugins\org.eclipse.m2e.maven.runtime_3.9.700.20240602-2313\jars\maven-settings-builder-3.9.7.jar
2025-03-14 00:53:50,703 [Worker-127: Launching Executing install in D__workspacesreenutechnologies_class_parent-pom] INFO  o.eclipse.m2e.core.internal.Bundles - 	Entry: D:\software\sts\sts-4.24.0.RELEASE\plugins\org.eclipse.m2e.maven.runtime_3.9.700.20240602-2313\jars\maven-shared-utils-3.4.2.jar
2025-03-14 00:53:50,703 [Worker-127: Launching Executing install in D__workspacesreenutechnologies_class_parent-pom] INFO  o.eclipse.m2e.core.internal.Bundles - 	Entry: D:\software\sts\sts-4.24.0.RELEASE\plugins\org.eclipse.m2e.maven.runtime_3.9.700.20240602-2313\jars\org.eclipse.sisu.inject-0.9.0.M2.jar
2025-03-14 00:53:50,703 [Worker-127: Launching Executing install in D__workspacesreenutechnologies_class_parent-pom] INFO  o.eclipse.m2e.core.internal.Bundles - 	Entry: D:\software\sts\sts-4.24.0.RELEASE\plugins\org.eclipse.m2e.maven.runtime_3.9.700.20240602-2313\jars\org.eclipse.sisu.plexus-0.9.0.M2.jar
2025-03-14 00:53:50,703 [Worker-127: Launching Executing install in D__workspacesreenutechnologies_class_parent-pom] INFO  o.eclipse.m2e.core.internal.Bundles - 	Entry: D:\software\sts\sts-4.24.0.RELEASE\plugins\org.eclipse.m2e.maven.runtime_3.9.700.20240602-2313\jars\plexus-build-api-0.0.7.jar
2025-03-14 00:53:50,703 [Worker-127: Launching Executing install in D__workspacesreenutechnologies_class_parent-pom] INFO  o.eclipse.m2e.core.internal.Bundles - 	Entry: D:\software\sts\sts-4.24.0.RELEASE\plugins\org.eclipse.m2e.maven.runtime_3.9.700.20240602-2313\jars\plexus-build-api-1.2.0.jar
2025-03-14 00:53:50,703 [Worker-127: Launching Executing install in D__workspacesreenutechnologies_class_parent-pom] INFO  o.eclipse.m2e.core.internal.Bundles - 	Entry: D:\software\sts\sts-4.24.0.RELEASE\plugins\org.eclipse.m2e.maven.runtime_3.9.700.20240602-2313\jars\plexus-cipher-2.0.jar
2025-03-14 00:53:50,703 [Worker-127: Launching Executing install in D__workspacesreenutechnologies_class_parent-pom] INFO  o.eclipse.m2e.core.internal.Bundles - 	Entry: D:\software\sts\sts-4.24.0.RELEASE\plugins\org.eclipse.m2e.maven.runtime_3.9.700.20240602-2313\jars\plexus-classworlds-2.8.0.jar
2025-03-14 00:53:50,703 [Worker-127: Launching Executing install in D__workspacesreenutechnologies_class_parent-pom] INFO  o.eclipse.m2e.core.internal.Bundles - 	Entry: D:\software\sts\sts-4.24.0.RELEASE\plugins\org.eclipse.m2e.maven.runtime_3.9.700.20240602-2313\jars\plexus-component-annotations-2.1.0.jar
2025-03-14 00:53:50,703 [Worker-127: Launching Executing install in D__workspacesreenutechnologies_class_parent-pom] INFO  o.eclipse.m2e.core.internal.Bundles - 	Entry: D:\software\sts\sts-4.24.0.RELEASE\plugins\org.eclipse.m2e.maven.runtime_3.9.700.20240602-2313\jars\plexus-interpolation-1.27.jar
2025-03-14 00:53:50,703 [Worker-127: Launching Executing install in D__workspacesreenutechnologies_class_parent-pom] INFO  o.eclipse.m2e.core.internal.Bundles - 	Entry: D:\software\sts\sts-4.24.0.RELEASE\plugins\org.eclipse.m2e.maven.runtime_3.9.700.20240602-2313\jars\plexus-sec-dispatcher-2.0.jar
2025-03-14 00:53:50,703 [Worker-127: Launching Executing install in D__workspacesreenutechnologies_class_parent-pom] INFO  o.eclipse.m2e.core.internal.Bundles - 	Entry: D:\software\sts\sts-4.24.0.RELEASE\plugins\org.eclipse.m2e.maven.runtime_3.9.700.20240602-2313\jars\plexus-utils-3.5.1.jar
2025-03-14 00:53:50,703 [Worker-127: Launching Executing install in D__workspacesreenutechnologies_class_parent-pom] INFO  o.eclipse.m2e.core.internal.Bundles - 	Entry: D:\software\sts\sts-4.24.0.RELEASE\plugins\org.eclipse.m2e.maven.runtime_3.9.700.20240602-2313\jars\wagon-file-3.5.3.jar
2025-03-14 00:53:50,703 [Worker-127: Launching Executing install in D__workspacesreenutechnologies_class_parent-pom] INFO  o.eclipse.m2e.core.internal.Bundles - 	Entry: D:\software\sts\sts-4.24.0.RELEASE\plugins\org.eclipse.m2e.maven.runtime_3.9.700.20240602-2313\jars\wagon-http-3.5.3.jar
2025-03-14 00:53:50,703 [Worker-127: Launching Executing install in D__workspacesreenutechnologies_class_parent-pom] INFO  o.eclipse.m2e.core.internal.Bundles - 	Entry: D:\software\sts\sts-4.24.0.RELEASE\plugins\org.eclipse.m2e.maven.runtime_3.9.700.20240602-2313\jars\wagon-http-shared-3.5.3.jar
2025-03-14 00:53:50,704 [Worker-127: Launching Executing install in D__workspacesreenutechnologies_class_parent-pom] INFO  o.eclipse.m2e.core.internal.Bundles - 	Entry: D:\software\sts\sts-4.24.0.RELEASE\plugins\org.eclipse.m2e.maven.runtime_3.9.700.20240602-2313\jars\wagon-provider-api-3.5.3.jar
2025-03-14 00:53:50,704 [Worker-127: Launching Executing install in D__workspacesreenutechnologies_class_parent-pom] INFO  o.eclipse.m2e.core.internal.Bundles - getClasspathEntries(Bundle=com.google.guava_33.2.0.jre [29])
2025-03-14 00:53:50,705 [Worker-127: Launching Executing install in D__workspacesreenutechnologies_class_parent-pom] INFO  o.eclipse.m2e.core.internal.Bundles - 	Entry: D:\software\sts\sts-4.24.0.RELEASE\plugins\com.google.guava_33.2.0.jre.jar
2025-03-14 00:53:50,705 [Worker-127: Launching Executing install in D__workspacesreenutechnologies_class_parent-pom] INFO  o.eclipse.m2e.core.internal.Bundles - getClasspathEntries(Bundle=slf4j.api_2.0.13 [592])
2025-03-14 00:53:50,705 [Worker-127: Launching Executing install in D__workspacesreenutechnologies_class_parent-pom] INFO  o.eclipse.m2e.core.internal.Bundles - 	Entry: D:\software\sts\sts-4.24.0.RELEASE\plugins\slf4j.api_2.0.13.jar
2025-03-14 00:53:50,706 [Worker-127: Launching Executing install in D__workspacesreenutechnologies_class_parent-pom] INFO  o.eclipse.m2e.core.internal.Bundles - getClasspathEntries(Bundle=jakarta.inject.jakarta.inject-api_1.0.5 [44])
2025-03-14 00:53:50,734 [Worker-127: Launching Executing install in D__workspacesreenutechnologies_class_parent-pom] INFO  o.eclipse.m2e.core.internal.Bundles - 	Entry: D:\software\sts\sts-4.24.0.RELEASE\plugins\jakarta.inject.jakarta.inject-api_1.0.5.jar
2025-03-14 00:53:50,734 [Worker-127: Launching Executing install in D__workspacesreenutechnologies_class_parent-pom] INFO  o.eclipse.m2e.core.internal.Bundles - getClasspathEntries(Bundle=javax.annotation_1.3.5.v20200909-1856 [53])
2025-03-14 00:53:50,735 [Worker-127: Launching Executing install in D__workspacesreenutechnologies_class_parent-pom] INFO  o.eclipse.m2e.core.internal.Bundles - 	Entry: D:\software\sts\sts-4.24.0.RELEASE\plugins\javax.annotation_1.3.5.v20200909-1856.jar
2025-03-14 00:53:50,735 [Worker-127: Launching Executing install in D__workspacesreenutechnologies_class_parent-pom] INFO  o.eclipse.m2e.core.internal.Bundles - getClasspathEntries(Bundle=org.apache.commons.cli_1.8.0 [76])
2025-03-14 00:53:50,736 [Worker-127: Launching Executing install in D__workspacesreenutechnologies_class_parent-pom] INFO  o.eclipse.m2e.core.internal.Bundles - 	Entry: D:\software\sts\sts-4.24.0.RELEASE\plugins\org.apache.commons.cli_1.8.0.jar
2025-03-14 00:53:50,736 [Worker-127: Launching Executing install in D__workspacesreenutechnologies_class_parent-pom] INFO  o.eclipse.m2e.core.internal.Bundles - getClasspathEntries(Bundle=org.apache.commons.commons-codec_1.16.0 [78])
2025-03-14 00:53:50,736 [Worker-127: Launching Executing install in D__workspacesreenutechnologies_class_parent-pom] INFO  o.eclipse.m2e.core.internal.Bundles - 	Entry: D:\software\sts\sts-4.24.0.RELEASE\plugins\org.apache.commons.commons-codec_1.16.0.jar
2025-03-14 00:53:50,736 [Worker-127: Launching Executing install in D__workspacesreenutechnologies_class_parent-pom] INFO  o.eclipse.m2e.core.internal.Bundles - getClasspathEntries(Bundle=org.apache.commons.lang3_3.14.0 [82])
2025-03-14 00:53:50,737 [Worker-127: Launching Executing install in D__workspacesreenutechnologies_class_parent-pom] INFO  o.eclipse.m2e.core.internal.Bundles - 	Entry: D:\software\sts\sts-4.24.0.RELEASE\plugins\org.apache.commons.lang3_3.14.0.jar
2025-03-14 00:53:50,737 [Worker-127: Launching Executing install in D__workspacesreenutechnologies_class_parent-pom] INFO  o.eclipse.m2e.core.internal.Bundles - getClasspathEntries(Bundle=com.google.guava.failureaccess_1.0.2 [30])
2025-03-14 00:53:50,738 [Worker-127: Launching Executing install in D__workspacesreenutechnologies_class_parent-pom] INFO  o.eclipse.m2e.core.internal.Bundles - 	Entry: D:\software\sts\sts-4.24.0.RELEASE\plugins\com.google.guava.failureaccess_1.0.2.jar
2025-03-14 00:53:50,783 [Worker-127: Launching Executing install in D__workspacesreenutechnologies_class_parent-pom] INFO  o.e.m.i.launch.MavenLaunchDelegate - Run build in "D:\workspacesreenutechnologies\class\parent-pom":
2025-03-14 00:53:50,784 [Worker-127: Launching Executing install in D__workspacesreenutechnologies_class_parent-pom] INFO  o.e.m.i.launch.MavenLaunchDelegate -  mvn  -B -Dstyle.color=always install
2025-03-14 16:20:06,457 [Worker-5: Loading available Gradle versions] INFO  o.e.b.c.i.u.g.PublishedGradleVersions - Gradle version information cache is out-of-date. Trying to update.
2025-03-29 16:13:48,584 [Worker-3: Loading available Gradle versions] INFO  o.e.b.c.i.u.g.PublishedGradleVersions - Gradle version information cache is out-of-date. Trying to update.
2025-04-16 19:31:52,531 [Worker-2: Loading available Gradle versions] INFO  o.e.b.c.i.u.g.PublishedGradleVersions - Gradle version information cache is out-of-date. Trying to update.
2025-04-16 21:18:10,157 [Worker-8: Loading available Gradle versions] INFO  o.e.b.c.i.u.g.PublishedGradleVersions - Gradle version information cache is up-to-date. Trying to read.
2025-08-13 07:24:43,924 [Worker-4: Loading available Gradle versions] INFO  o.e.b.c.i.u.g.PublishedGradleVersions - Gradle version information cache is not available. Remote download required.
2025-08-13 07:25:27,153 [Worker-7: Building] WARN  o.a.m.s.f.DefaultMavenResourcesFiltering - Using platform encoding (UTF-8 actually) to copy filtered resources, i.e. build is platform dependent!
2025-08-13 07:25:27,162 [Worker-7: Building] INFO  o.a.m.s.f.DefaultMavenResourcesFiltering - Copying 0 resource from src\main\resources to target\classes
2025-08-13 07:25:27,176 [Worker-7: Building] WARN  o.a.m.s.f.DefaultMavenResourcesFiltering - Using platform encoding (UTF-8 actually) to copy filtered resources, i.e. build is platform dependent!
2025-08-13 07:25:27,178 [Worker-7: Building] INFO  o.a.m.s.f.DefaultMavenResourcesFiltering - Copying 0 resource from src\test\resources to target\test-classes
2025-08-13 07:25:30,239 [Worker-7: Building] WARN  o.a.m.s.f.DefaultMavenResourcesFiltering - Using platform encoding (UTF-8 actually) to copy filtered resources, i.e. build is platform dependent!
2025-08-13 07:25:30,240 [Worker-7: Building] INFO  o.a.m.s.f.DefaultMavenResourcesFiltering - Copying 0 resource from src\main\resources to target\classes
2025-08-13 07:25:30,248 [Worker-7: Building] WARN  o.a.m.s.f.DefaultMavenResourcesFiltering - Using platform encoding (UTF-8 actually) to copy filtered resources, i.e. build is platform dependent!
2025-08-13 07:25:30,251 [Worker-7: Building] INFO  o.a.m.s.f.DefaultMavenResourcesFiltering - Copying 0 resource from src\test\resources to target\test-classes
2025-08-13 07:25:30,750 [Worker-7: Building] INFO  o.e.m.c.i.p.WorkspaceClassifierResolverManager - Resolving P/third-app: com.fzktech:third-app:0.0.1-SNAPSHOT with classifier  to /third-app/target/classes
2025-08-13 07:25:30,815 [Worker-7: Building] WARN  o.a.m.s.f.DefaultMavenResourcesFiltering - Using platform encoding (UTF-8 actually) to copy filtered resources, i.e. build is platform dependent!
2025-08-13 07:25:30,817 [Worker-7: Building] INFO  o.a.m.s.f.DefaultMavenResourcesFiltering - Copying 0 resource from src\main\resources to target\classes
2025-08-13 07:25:30,836 [Worker-7: Building] WARN  o.a.m.s.f.DefaultMavenResourcesFiltering - Using platform encoding (UTF-8 actually) to copy filtered resources, i.e. build is platform dependent!
2025-08-13 07:25:30,838 [Worker-7: Building] INFO  o.a.m.s.f.DefaultMavenResourcesFiltering - Copying 0 resource from src\test\resources to target\test-classes
2025-08-13 07:30:05,253 [Worker-4: Loading available Gradle versions] INFO  o.e.b.c.i.u.g.PublishedGradleVersions - Gradle version information cache is up-to-date. Trying to read.
2025-08-14 22:13:50,278 [Worker-5: Loading available Gradle versions] INFO  o.e.b.c.i.u.g.PublishedGradleVersions - Gradle version information cache is out-of-date. Trying to update.
2025-08-15 00:08:32,316 [Worker-2: Loading available Gradle versions] INFO  o.e.b.c.i.u.g.PublishedGradleVersions - Gradle version information cache is up-to-date. Trying to read.
2025-08-18 01:39:41,113 [Worker-8: Loading available Gradle versions] INFO  o.e.b.c.i.u.g.PublishedGradleVersions - Gradle version information cache is out-of-date. Trying to update.
2025-08-18 01:39:51,256 [Worker-14: Building] WARN  o.a.m.s.f.DefaultMavenResourcesFiltering - Using platform encoding (UTF-8 actually) to copy filtered resources, i.e. build is platform dependent!
2025-08-18 01:39:51,288 [Worker-14: Building] INFO  o.a.m.s.f.DefaultMavenResourcesFiltering - Copying 0 resource from src\main\resources to target\classes
2025-08-18 01:39:51,324 [Worker-14: Building] WARN  o.a.m.s.f.DefaultMavenResourcesFiltering - Using platform encoding (UTF-8 actually) to copy filtered resources, i.e. build is platform dependent!
2025-08-18 01:39:51,328 [Worker-14: Building] INFO  o.a.m.s.f.DefaultMavenResourcesFiltering - Copying 0 resource from src\test\resources to target\test-classes
2025-08-18 01:39:53,179 [Worker-14: Building] WARN  o.a.m.s.f.DefaultMavenResourcesFiltering - Using platform encoding (UTF-8 actually) to copy filtered resources, i.e. build is platform dependent!
2025-08-18 01:39:53,180 [Worker-14: Building] INFO  o.a.m.s.f.DefaultMavenResourcesFiltering - Copying 0 resource from src\main\resources to target\classes
2025-08-18 01:39:53,189 [Worker-14: Building] WARN  o.a.m.s.f.DefaultMavenResourcesFiltering - Using platform encoding (UTF-8 actually) to copy filtered resources, i.e. build is platform dependent!
2025-08-18 01:39:53,192 [Worker-14: Building] INFO  o.a.m.s.f.DefaultMavenResourcesFiltering - Copying 0 resource from src\test\resources to target\test-classes
2025-08-18 01:39:53,380 [Worker-14: Building] INFO  o.e.m.c.i.p.WorkspaceClassifierResolverManager - Resolving P/third-app: com.fzktech:third-app:0.0.1-SNAPSHOT with classifier  to /third-app/target/classes
2025-08-18 01:39:53,397 [Worker-14: Building] WARN  o.a.m.s.f.DefaultMavenResourcesFiltering - Using platform encoding (UTF-8 actually) to copy filtered resources, i.e. build is platform dependent!
2025-08-18 01:39:53,398 [Worker-14: Building] INFO  o.a.m.s.f.DefaultMavenResourcesFiltering - Copying 0 resource from src\main\resources to target\classes
2025-08-18 01:39:53,402 [Worker-14: Building] WARN  o.a.m.s.f.DefaultMavenResourcesFiltering - Using platform encoding (UTF-8 actually) to copy filtered resources, i.e. build is platform dependent!
2025-08-18 01:39:53,403 [Worker-14: Building] INFO  o.a.m.s.f.DefaultMavenResourcesFiltering - Copying 0 resource from src\test\resources to target\test-classes
